START convert release 2026-09-23: 2,040 files selected, 0 already staged, 2,040 to stream (707.1 GB full-width) with 64 workers
  [1/2040] 2016-07-22_part_0000.parquet: 27 → 1  (0.0 GB read, 0 MB/s)
  [2/2040] 2016-08-23_part_0000.parquet: 22 → 0  (0.0 GB read, 0 MB/s)
  [3/2040] 2016-10-07_part_0000.parquet: 7 → 0  (0.0 GB read, 0 MB/s)
  [4/2040] 2016-09-30_part_0000.parquet: 3 → 0  (0.0 GB read, 0 MB/s)
  [5/2040] 2016-09-23_part_0000.parquet: 4 → 0  (0.0 GB read, 0 MB/s)
  [6/2040] 2016-09-16_part_0000.parquet: 13 → 1  (0.0 GB read, 0 MB/s)
  [7/2040] 2016-06-24_part_0000.parquet: 1,578 → 13  (0.0 GB read, 0 MB/s)
  [8/2040] 2016-10-28_part_0000.parquet: 2 → 0  (0.0 GB read, 0 MB/s)
  [9/2040] 2016-11-30_part_0000.parquet: 5 → 0  (0.0 GB read, 0 MB/s)
  [10/2040] 2017-01-06_part_0000.parquet: 1 → 0  (0.0 GB read, 0 MB/s)
  [11/2040] 2016-11-04_part_0000.parquet: 2 → 0  (0.0 GB read, 0 MB/s)
  [12/2040] 2016-12-08_part_0000.parquet: 4 → 0  (0.0 GB read, 0 MB/s)
  [13/2040] 2017-02-03_part_0000.parquet: 3 → 0  (0.0 GB read, 0 MB/s)
  [14/2040] 2017-02-24_part_0000.parquet: 1 → 0  (0.0 GB read, 0 MB/s)
  [15/2040] 2017-03-03_part_0000.parquet: 2 → 0  (0.0 GB read, 0 MB/s)
  [16/2040] 2017-04-14_part_0000.parquet: 1 → 0  (0.0 GB read, 0 MB/s)
  [17/2040] 2017-04-07_part_0000.parquet: 4 → 0  (0.0 GB read, 0 MB/s)
  [18/2040] 2017-01-26_part_0000.parquet: 2 → 0  (0.0 GB read, 0 MB/s)
  [19/2040] 2017-02-10_part_0000.parquet: 3 → 0  (0.0 GB read, 0 MB/s)
  [20/2040] 2017-01-13_part_0000.parquet: 1 → 0  (0.0 GB read, 0 MB/s)
  [21/2040] 2017-02-17_part_0000.parquet: 4 → 0  (0.0 GB read, 0 MB/s)
  [22/2040] 2017-03-16_part_0000.parquet: 4 → 0  (0.0 GB read, 0 MB/s)
  [23/2040] 2017-04-28_part_0000.parquet: 5 → 0  (0.0 GB read, 0 MB/s)
  [24/2040] 2017-05-05_part_0000.parquet: 1 → 0  (0.0 GB read, 0 MB/s)
  [25/2040] 2017-05-26_part_0000.parquet: 2 → 0  (0.0 GB read, 0 MB/s)
  [26/2040] 2017-05-12_part_0000.parquet: 2 → 0  (0.0 GB read, 0 MB/s)
  [27/2040] 2017-06-05_part_0000.parquet: 1 → 0  (0.0 GB read, 0 MB/s)
  [28/2040] 2017-06-09_part_0000.parquet: 1 → 0  (0.0 GB read, 0 MB/s)
  [29/2040] 2017-07-14_part_0000.parquet: 2 → 0  (0.0 GB read, 0 MB/s)
  [30/2040] 2017-06-15_part_0000.parquet: 2 → 0  (0.0 GB read, 0 MB/s)
  [31/2040] 2017-06-30_part_0000.parquet: 3 → 0  (0.0 GB read, 0 MB/s)
  [32/2040] 2017-07-31_part_0000.parquet: 3 → 1  (0.0 GB read, 0 MB/s)
  [33/2040] 2017-09-15_part_0000.parquet: 1 → 0  (0.0 GB read, 0 MB/s)
  [34/2040] 2017-06-23_part_0000.parquet: 1 → 0  (0.0 GB read, 0 MB/s)
  [35/2040] 2017-08-17_part_0000.parquet: 5 → 1  (0.0 GB read, 0 MB/s)
  [36/2040] 2017-05-19_part_0000.parquet: 2 → 0  (0.0 GB read, 0 MB/s)
  [37/2040] 2017-08-08_part_0000.parquet: 3 → 0  (0.0 GB read, 0 MB/s)
  [38/2040] 2017-11-10_part_0000.parquet: 3 → 0  (0.0 GB read, 0 MB/s)
  [39/2040] 2017-12-22_part_0000.parquet: 2 → 0  (0.0 GB read, 0 MB/s)
  [40/2040] 2018-01-05_part_0000.parquet: 3 → 0  (0.0 GB read, 0 MB/s)
  [41/2040] 2018-02-02_part_0000.parquet: 2 → 0  (0.0 GB read, 0 MB/s)
  [42/2040] 2018-01-12_part_0000.parquet: 1 → 0  (0.0 GB read, 0 MB/s)
  [43/2040] 2017-08-31_part_0000.parquet: 6 → 0  (0.0 GB read, 0 MB/s)
  [44/2040] 2018-06-13_part_0000.parquet: 1 → 0  (0.0 GB read, 0 MB/s)
  [45/2040] 2017-10-20_part_0000.parquet: 1 → 0  (0.0 GB read, 0 MB/s)
  [46/2040] 2018-05-07_part_0000.parquet: 8 → 0  (0.0 GB read, 0 MB/s)
  [47/2040] 2017-10-06_part_0000.parquet: 4 → 0  (0.0 GB read, 0 MB/s)
  [48/2040] 2018-04-24_part_0000.parquet: 1 → 0  (0.0 GB read, 0 MB/s)
  [49/2040] 2018-08-03_part_0000.parquet: 1 → 0  (0.0 GB read, 0 MB/s)
  [50/2040] 2018-09-27_part_0000.parquet: 4 → 0  (0.0 GB read, 0 MB/s)
  [51/2040] 2018-05-17_part_0000.parquet: 8 → 0  (0.0 GB read, 0 MB/s)
  [52/2040] 2017-12-04_part_0000.parquet: 2 → 0  (0.0 GB read, 0 MB/s)
  [53/2040] 2018-07-10_part_0000.parquet: 1 → 0  (0.0 GB read, 0 MB/s)
  [54/2040] 2018-04-06_part_0000.parquet: 2 → 0  (0.0 GB read, 0 MB/s)
  [55/2040] 2018-10-12_part_0000.parquet: 1 → 0  (0.0 GB read, 0 MB/s)
  [56/2040] 2018-06-21_part_0000.parquet: 1 → 0  (0.0 GB read, 0 MB/s)
  [57/2040] 2018-07-19_part_0000.parquet: 2 → 0  (0.0 GB read, 0 MB/s)
  [58/2040] 2018-08-22_part_0000.parquet: 1 → 0  (0.0 GB read, 0 MB/s)
  [59/2040] 2018-10-26_part_0000.parquet: 1 → 0  (0.0 GB read, 0 MB/s)
  [60/2040] 2019-01-25_part_0000.parquet: 1 → 0  (0.0 GB read, 0 MB/s)
  [61/2040] 2018-12-22_part_0000.parquet: 1 → 0  (0.0 GB read, 0 MB/s)
  [62/2040] 2019-02-21_part_0000.parquet: 1 → 0  (0.0 GB read, 0 MB/s)
  [63/2040] 2019-01-01_part_0000.parquet: 1 → 0  (0.0 GB read, 0 MB/s)
  [64/2040] 2019-03-02_part_0000.parquet: 4 → 0  (0.0 GB read, 0 MB/s)
  [65/2040] 2019-03-11_part_0000.parquet: 1 → 0  (0.0 GB read, 0 MB/s)
  [66/2040] 2019-03-22_part_0000.parquet: 2 → 0  (0.0 GB read, 0 MB/s)
  [67/2040] 2019-05-09_part_0000.parquet: 2 → 0  (0.0 GB read, 0 MB/s)
  [68/2040] 2019-04-01_part_0000.parquet: 1 → 0  (0.0 GB read, 0 MB/s)
  [69/2040] 2019-05-29_part_0000.parquet: 4 → 0  (0.0 GB read, 0 MB/s)
  [70/2040] 2019-04-25_part_0000.parquet: 3 → 0  (0.0 GB read, 0 MB/s)
  [71/2040] 2019-07-23_part_0000.parquet: 1 → 0  (0.0 GB read, 0 MB/s)
  [72/2040] 2019-07-30_part_0000.parquet: 1 → 0  (0.0 GB read, 0 MB/s)
  [73/2040] 2019-07-12_part_0000.parquet: 1 → 0  (0.0 GB read, 0 MB/s)
  [74/2040] 2019-06-27_part_0000.parquet: 2 → 0  (0.0 GB read, 0 MB/s)
  [75/2040] 2019-08-13_part_0000.parquet: 1 → 0  (0.0 GB read, 0 MB/s)
  [76/2040] 2019-06-07_part_0000.parquet: 2 → 0  (0.0 GB read, 0 MB/s)
  [77/2040] 2019-08-22_part_0000.parquet: 1 → 0  (0.0 GB read, 0 MB/s)
  [78/2040] 2019-11-22_part_0000.parquet: 4 → 0  (0.0 GB read, 0 MB/s)
  [79/2040] 2019-09-12_part_0000.parquet: 1 → 0  (0.0 GB read, 0 MB/s)
  [80/2040] 2020-01-23_part_0000.parquet: 2 → 0  (0.0 GB read, 0 MB/s)
  [81/2040] 2019-10-10_part_0000.parquet: 7 → 0  (0.0 GB read, 0 MB/s)
  [82/2040] 2020-02-07_part_0000.parquet: 1 → 0  (0.0 GB read, 0 MB/s)
  [83/2040] 2019-10-25_part_0000.parquet: 1 → 0  (0.0 GB read, 0 MB/s)
  [84/2040] 2020-03-23_part_0000.parquet: 1 → 0  (0.0 GB read, 0 MB/s)
  [85/2040] 2019-11-08_part_0000.parquet: 1 → 0  (0.0 GB read, 0 MB/s)
  [86/2040] 2020-04-03_part_0000.parquet: 1 → 0  (0.0 GB read, 0 MB/s)
  [87/2040] 2019-12-13_part_0000.parquet: 1 → 0  (0.0 GB read, 0 MB/s)
  [88/2040] 2020-03-27_part_0000.parquet: 1 → 0  (0.0 GB read, 0 MB/s)
  [89/2040] 2020-05-01_part_0000.parquet: 2 → 0  (0.0 GB read, 0 MB/s)
  [90/2040] 2020-06-05_part_0000.parquet: 12 → 0  (0.0 GB read, 0 MB/s)
  [91/2040] 2020-05-13_part_0000.parquet: 1 → 0  (0.0 GB read, 0 MB/s)
  [92/2040] 2020-06-25_part_0000.parquet: 1 → 0  (0.0 GB read, 0 MB/s)
  [93/2040] 2020-09-25_part_0000.parquet: 1 → 1  (0.0 GB read, 0 MB/s)
  [94/2040] 2020-11-23_part_0000.parquet: 1 → 1  (0.0 GB read, 0 MB/s)
  [95/2040] 2020-12-21_part_0000.parquet: 1 → 0  (0.0 GB read, 0 MB/s)
  [96/2040] 2021-02-15_part_0000.parquet: 1 → 1  (0.0 GB read, 0 MB/s)
  [97/2040] 2021-04-13_part_0000.parquet: 3 → 0  (0.0 GB read, 0 MB/s)
  [98/2040] 2021-02-01_part_0000.parquet: 2 → 0  (0.0 GB read, 0 MB/s)
  [99/2040] 2021-01-05_part_0000.parquet: 3 → 0  (0.0 GB read, 0 MB/s)
  [100/2040] 2020-08-10_part_0000.parquet: 1 → 0  (0.0 GB read, 0 MB/s)
  [101/2040] 2021-07-19_part_0000.parquet: 2 → 0  (0.0 GB read, 0 MB/s)
  [102/2040] 2021-09-13_part_0000.parquet: 1 → 0  (0.0 GB read, 0 MB/s)
  [103/2040] 2022-02-02_part_0000.parquet: 10 → 1  (0.0 GB read, 0 MB/s)
  [104/2040] 2021-06-22_part_0000.parquet: 2 → 1  (0.0 GB read, 0 MB/s)
  [105/2040] 2021-10-11_part_0000.parquet: 2 → 0  (0.0 GB read, 0 MB/s)
  [106/2040] 2021-08-16_part_0000.parquet: 3 → 0  (0.0 GB read, 0 MB/s)
  [107/2040] 2021-12-23_part_0000.parquet: 5 → 0  (0.0 GB read, 0 MB/s)
  [108/2040] 2022-05-18_part_0000.parquet: 1 → 0  (0.0 GB read, 0 MB/s)
  [109/2040] 2021-11-08_part_0000.parquet: 3 → 0  (0.0 GB read, 0 MB/s)
  [110/2040] 2021-08-02_part_0000.parquet: 11 → 0  (0.0 GB read, 0 MB/s)
  [111/2040] 2021-03-01_part_0000.parquet: 1 → 0  (0.0 GB read, 0 MB/s)
  [112/2040] 2021-11-04_part_0000.parquet: 77 → 1  (0.0 GB read, 0 MB/s)
  [113/2040] 2022-05-16_part_0000.parquet: 2 → 0  (0.0 GB read, 0 MB/s)
  [114/2040] 2022-03-09_part_0000.parquet: 7 → 0  (0.0 GB read, 0 MB/s)
  [115/2040] 2020-11-09_part_0000.parquet: 1 → 1  (0.0 GB read, 0 MB/s)
  [116/2040] 2025-07-22_part_0000.parquet: 304 → 37  (0.0 GB read, 0 MB/s)
  [117/2040] 2023-12-11_part_0000.parquet: 1 → 0  (0.0 GB read, 0 MB/s)
  [118/2040] 2025-07-30_part_0000.parquet: 96 → 10  (0.0 GB read, 0 MB/s)
  [119/2040] 2025-08-17_part_0000.parquet: 1 → 0  (0.0 GB read, 0 MB/s)
  [120/2040] 2025-09-08_part_0000.parquet: 1 → 0  (0.0 GB read, 0 MB/s)
  [121/2040] 2025-07-25_part_0000.parquet: 219 → 22  (0.0 GB read, 0 MB/s)
  [122/2040] 2025-07-28_part_0000.parquet: 256 → 21  (0.0 GB read, 0 MB/s)
  [123/2040] 2025-07-23_part_0000.parquet: 235 → 24  (0.0 GB read, 0 MB/s)
  [124/2040] 2025-07-31_part_0000.parquet: 123 → 11  (0.0 GB read, 0 MB/s)
  [125/2040] 2025-07-24_part_0000.parquet: 356 → 30  (0.0 GB read, 0 MB/s)
  [126/2040] 2025-07-27_part_0000.parquet: 240 → 20  (0.0 GB read, 0 MB/s)
  [127/2040] 2025-07-29_part_0000.parquet: 254 → 23  (0.0 GB read, 0 MB/s)
  [128/2040] 2025-07-26_part_0000.parquet: 214 → 22  (0.0 GB read, 0 MB/s)
  [129/2040] 2025-09-24_part_0000.parquet: 4 → 1  (0.0 GB read, 0 MB/s)
  [130/2040] 2025-10-08_part_0000.parquet: 1 → 0  (0.0 GB read, 0 MB/s)
  [131/2040] 2025-10-10_part_0001.parquet: 150,201 → 9,252  (0.1 GB read, 4 MB/s)
  [132/2040] 2025-10-10_part_0007.parquet: 150,341 → 11,515  (0.1 GB read, 8 MB/s)
  [133/2040] 2025-10-10_part_0011.parquet: 150,575 → 11,214  (0.2 GB read, 12 MB/s)
  [134/2040] 2025-10-10_part_0005.parquet: 149,662 → 11,949  (0.3 GB read, 16 MB/s)
  [135/2040] 2025-10-10_part_0015.parquet: 150,017 → 8,391  (0.3 GB read, 19 MB/s)
  [136/2040] 2025-10-10_part_0017.parquet: 149,445 → 12,635  (0.4 GB read, 22 MB/s)
  [137/2040] 2025-10-10_part_0031.parquet: 149,920 → 10,976  (0.5 GB read, 26 MB/s)
  [138/2040] 2025-10-10_part_0033.parquet: 149,446 → 10,678  (0.5 GB read, 30 MB/s)
  [139/2040] 2025-10-10_part_0029.parquet: 149,792 → 11,931  (0.6 GB read, 33 MB/s)
  [140/2040] 2025-10-10_part_0051.parquet: 150,709 → 10,765  (0.6 GB read, 37 MB/s)
  [141/2040] 2025-10-10_part_0059.parquet: 150,305 → 11,040  (0.7 GB read, 40 MB/s)
  [142/2040] 2025-10-10_part_0045.parquet: 148,982 → 7,276  (0.8 GB read, 43 MB/s)
  [143/2040] 2025-10-10_part_0023.parquet: 150,664 → 11,013  (0.8 GB read, 47 MB/s)
  [144/2040] 2025-10-10_part_0063.parquet: 151,279 → 10,667  (0.9 GB read, 49 MB/s)
  [145/2040] 2025-10-10_part_0055.parquet: 150,813 → 10,480  (1.0 GB read, 51 MB/s)
  [146/2040] 2025-10-10_part_0061.parquet: 150,847 → 11,257  (1.0 GB read, 53 MB/s)
  [147/2040] 2025-10-10_part_0035.parquet: 151,094 → 11,830  (1.1 GB read, 55 MB/s)
  [148/2040] 2025-10-10_part_0053.parquet: 150,830 → 10,880  (1.2 GB read, 52 MB/s)
  [149/2040] 2025-10-10_part_0067.parquet: 149,869 → 11,313  (1.2 GB read, 55 MB/s)
  [150/2040] 2025-10-10_part_0004.parquet: 400,000 → 27,519  (1.4 GB read, 59 MB/s)
  [151/2040] 2025-10-10_part_0026.parquet: 400,000 → 29,450  (1.6 GB read, 66 MB/s)
  [152/2040] 2025-10-10_part_0065.parquet: 150,423 → 11,295  (1.6 GB read, 69 MB/s)
  [153/2040] 2025-10-10_part_0000.parquet: 400,000 → 30,157  (1.8 GB read, 75 MB/s)
  [154/2040] 2025-10-10_part_0069.parquet: 149,556 → 9,695  (1.9 GB read, 77 MB/s)
  [155/2040] 2025-10-10_part_0075.parquet: 149,259 → 13,813  (1.9 GB read, 79 MB/s)
  [156/2040] 2025-10-10_part_0016.parquet: 400,000 → 26,715  (2.1 GB read, 86 MB/s)
  [157/2040] 2025-10-10_part_0073.parquet: 150,324 → 11,263  (2.2 GB read, 88 MB/s)
  [158/2040] 2025-10-10_part_0040.parquet: 400,000 → 29,182  (2.3 GB read, 94 MB/s)
  [159/2040] 2025-10-10_part_0014.parquet: 400,000 → 31,060  (2.5 GB read, 100 MB/s)
  [160/2040] 2025-10-10_part_0079.parquet: 150,773 → 11,843  (2.6 GB read, 102 MB/s)
  [161/2040] 2025-10-10_part_0071.parquet: 150,182 → 10,770  (2.6 GB read, 103 MB/s)
  [162/2040] 2025-10-10_part_0020.parquet: 400,000 → 26,936  (2.8 GB read, 110 MB/s)
  [163/2040] 2025-10-10_part_0008.parquet: 400,000 → 28,033  (3.0 GB read, 114 MB/s)
  [164/2040] 2025-10-10_part_0028.parquet: 400,000 → 27,441  (3.1 GB read, 120 MB/s)
  [165/2040] 2025-10-10_part_0044.parquet: 400,000 → 32,192  (3.3 GB read, 126 MB/s)
  [166/2040] 2025-10-10_part_0048.parquet: 400,000 → 28,630  (3.5 GB read, 128 MB/s)
  [167/2040] 2025-10-10_part_0077.parquet: 150,957 → 10,591  (3.5 GB read, 129 MB/s)
  [168/2040] 2025-10-10_part_0042.parquet: 400,000 → 28,223  (3.7 GB read, 135 MB/s)
  [169/2040] 2025-10-10_part_0058.parquet: 400,000 → 28,186  (3.9 GB read, 139 MB/s)
  [170/2040] 2025-10-10_part_0081.parquet: 150,495 → 10,360  (3.9 GB read, 139 MB/s)
  [171/2040] 2025-10-14_part_0000.parquet: 3 → 0  (3.9 GB read, 136 MB/s)
  [172/2040] 2025-10-15_part_0000.parquet: 1 → 0  (3.9 GB read, 135 MB/s)
  [173/2040] 2025-10-10_part_0002.parquet: 400,000 → 26,994  (4.1 GB read, 140 MB/s)
  [174/2040] 2025-10-16_part_0000.parquet: 32 → 2  (4.1 GB read, 140 MB/s)
  [175/2040] 2025-10-17_part_0000.parquet: 1 → 0  (4.1 GB read, 137 MB/s)
  [176/2040] 2025-10-10_part_0050.parquet: 400,000 → 28,691  (4.3 GB read, 142 MB/s)
  [177/2040] 2025-10-10_part_0089.parquet: 150,964 → 10,160  (4.3 GB read, 142 MB/s)
  [178/2040] 2025-10-18_part_0000.parquet: 1 → 0  (4.3 GB read, 142 MB/s)
  [179/2040] 2025-10-19_part_0000.parquet: 1 → 1  (4.3 GB read, 141 MB/s)
  [180/2040] 2025-10-21_part_0000.parquet: 1 → 0  (4.3 GB read, 141 MB/s)
  [181/2040] 2025-10-22_part_0000.parquet: 1 → 0  (4.3 GB read, 141 MB/s)
  [182/2040] 2025-10-10_part_0047.parquet: 151,045 → 9,857  (4.4 GB read, 142 MB/s)
  [183/2040] 2025-10-10_part_0085.parquet: 150,746 → 11,960  (4.5 GB read, 143 MB/s)
  [184/2040] 2025-10-10_part_0034.parquet: 400,000 → 27,956  (4.6 GB read, 149 MB/s)
  [185/2040] 2025-10-10_part_0064.parquet: 400,000 → 27,755  (4.8 GB read, 154 MB/s)
  [186/2040] 2025-10-10_part_0070.parquet: 400,000 → 28,792  (5.0 GB read, 159 MB/s)
  [187/2040] 2025-10-23_part_0000.parquet: 1 → 0  (5.0 GB read, 159 MB/s)
  [188/2040] 2025-10-24_part_0000.parquet: 28 → 1  (5.0 GB read, 158 MB/s)
  [189/2040] 2025-10-10_part_0076.parquet: 400,000 → 28,805  (5.1 GB read, 162 MB/s)
  [190/2040] 2025-10-10_part_0018.parquet: 400,000 → 31,474  (5.3 GB read, 167 MB/s)
  [191/2040] 2025-10-10_part_0036.parquet: 400,000 → 26,843  (5.5 GB read, 172 MB/s)
  [192/2040] 2025-10-25_part_0000.parquet: 1 → 1  (5.5 GB read, 171 MB/s)
  [193/2040] 2025-10-28_part_0000.parquet: 5 → 0  (5.5 GB read, 170 MB/s)
  [194/2040] 2025-10-29_part_0000.parquet: 12 → 0  (5.5 GB read, 170 MB/s)
  [195/2040] 2025-10-30_part_0000.parquet: 1 → 0  (5.5 GB read, 169 MB/s)
  [196/2040] 2025-10-10_part_0087.parquet: 150,672 → 11,658  (5.6 GB read, 171 MB/s)
  [197/2040] 2025-10-27_part_0000.parquet: 16,932 → 692  (5.6 GB read, 170 MB/s)
  [198/2040] 2025-10-31_part_0000.parquet: 6 → 0  (5.6 GB read, 170 MB/s)
  [199/2040] 2025-11-01_part_0000.parquet: 5 → 0  (5.6 GB read, 170 MB/s)
  [200/2040] 2025-11-05_part_0000.parquet: 15 → 0  (5.6 GB read, 169 MB/s)
  [201/2040] 2025-10-10_part_0091.parquet: 149,848 → 12,520  (5.6 GB read, 166 MB/s)
  [202/2040] 2025-10-10_part_0068.parquet: 400,000 → 29,711  (5.8 GB read, 169 MB/s)
  [203/2040] 2025-10-10_part_0080.parquet: 400,000 → 29,146  (6.0 GB read, 169 MB/s)
  [204/2040] 2025-10-10_part_0099.parquet: 150,919 → 11,817  (6.0 GB read, 168 MB/s)
  [205/2040] 2025-10-10_part_0049.parquet: 150,617 → 10,762  (6.1 GB read, 170 MB/s)
  [206/2040] 2025-10-10_part_0072.parquet: 400,000 → 28,137  (6.3 GB read, 174 MB/s)
  [207/2040] 2025-10-10_part_0093.parquet: 149,470 → 11,035  (6.3 GB read, 174 MB/s)
  [208/2040] 2025-10-10_part_0082.parquet: 400,000 → 28,914  (6.5 GB read, 178 MB/s)
  [209/2040] 2025-10-10_part_0084.parquet: 400,000 → 27,650  (6.7 GB read, 181 MB/s)
  [210/2040] 2025-10-10_part_0027.parquet: 149,667 → 10,111  (6.7 GB read, 178 MB/s)
  [211/2040] 2025-11-06_part_0007.parquet: 143,952 → 4,148  (6.8 GB read, 179 MB/s)
  [212/2040] 2025-10-10_part_0088.parquet: 400,000 → 29,186  (7.0 GB read, 182 MB/s)
  [213/2040] 2025-10-10_part_0086.parquet: 400,000 → 27,802  (7.1 GB read, 179 MB/s)
  [214/2040] 2025-11-06_part_0000.parquet: 270,818 → 8,484  (7.2 GB read, 181 MB/s)
  [215/2040] 2025-11-06_part_0005.parquet: 271,969 → 8,335  (7.3 GB read, 182 MB/s)
  [216/2040] 2025-11-06_part_0001.parquet: 271,545 → 8,506  (7.4 GB read, 185 MB/s)
  [217/2040] 2025-10-10_part_0095.parquet: 149,706 → 9,389  (7.5 GB read, 182 MB/s)
  [218/2040] 2025-11-06_part_0010.parquet: 272,128 → 8,286  (7.6 GB read, 184 MB/s)
  [219/2040] 2025-11-06_part_0011.parquet: 271,572 → 8,326  (7.7 GB read, 186 MB/s)
  [220/2040] 2025-11-06_part_0008.parquet: 271,715 → 8,158  (7.8 GB read, 188 MB/s)
  [221/2040] 2025-11-06_part_0002.parquet: 272,444 → 8,377  (7.9 GB read, 191 MB/s)
  [222/2040] 2025-11-06_part_0003.parquet: 271,351 → 8,246  (8.0 GB read, 193 MB/s)
  [223/2040] 2025-11-06_part_0012.parquet: 271,431 → 8,123  (8.1 GB read, 192 MB/s)
  [224/2040] 2025-10-10_part_0083.parquet: 150,431 → 10,756  (8.2 GB read, 193 MB/s)
  [225/2040] 2025-11-06_part_0016.parquet: 272,785 → 8,367  (8.3 GB read, 194 MB/s)
  [226/2040] 2025-10-10_part_0013.parquet: 149,879 → 9,441  (8.4 GB read, 193 MB/s)
  [227/2040] 2025-11-06_part_0017.parquet: 271,948 → 8,386  (8.5 GB read, 195 MB/s)
  [228/2040] 2025-10-10_part_0039.parquet: 151,899 → 9,605  (8.5 GB read, 195 MB/s)
  [229/2040] 2025-10-10_part_0022.parquet: 400,000 → 28,092  (8.7 GB read, 199 MB/s)
  [230/2040] 2025-10-10_part_0041.parquet: 150,876 → 10,067  (8.8 GB read, 200 MB/s)
  [231/2040] 2025-11-06_part_0018.parquet: 271,603 → 8,271  (8.9 GB read, 201 MB/s)
  [232/2040] 2025-10-10_part_0025.parquet: 150,604 → 11,282  (8.9 GB read, 202 MB/s)
  [233/2040] 2025-11-06_part_0019.parquet: 270,809 → 8,342  (9.0 GB read, 202 MB/s)
  [234/2040] 2025-11-06_part_0020.parquet: 270,444 → 8,211  (9.2 GB read, 204 MB/s)
  [235/2040] 2025-11-06_part_0004.parquet: 270,499 → 8,342  (9.3 GB read, 206 MB/s)
  [236/2040] 2025-10-10_part_0019.parquet: 150,655 → 8,102  (9.3 GB read, 207 MB/s)
  [237/2040] 2025-11-06_part_0023.parquet: 271,115 → 8,257  (9.4 GB read, 208 MB/s)
  [238/2040] 2025-10-10_part_0098.parquet: 400,000 → 27,636  (9.6 GB read, 211 MB/s)
  [239/2040] 2025-11-06_part_0021.parquet: 271,960 → 8,232  (9.7 GB read, 213 MB/s)
  [240/2040] 2025-11-06_part_0013.parquet: 271,980 → 8,319  (9.8 GB read, 214 MB/s)
  [241/2040] 2025-11-06_part_0022.parquet: 271,254 → 8,370  (9.9 GB read, 216 MB/s)
  [242/2040] 2025-10-10_part_0043.parquet: 149,638 → 11,126  (10.0 GB read, 216 MB/s)
  [243/2040] 2025-11-06_part_0025.parquet: 271,506 → 8,364  (10.1 GB read, 217 MB/s)
  [244/2040] 2025-11-06_part_0026.parquet: 271,518 → 8,199  (10.2 GB read, 216 MB/s)
  [245/2040] 2025-11-06_part_0015.parquet: 271,816 → 8,400  (10.3 GB read, 216 MB/s)
  [246/2040] 2025-10-10_part_0012.parquet: 400,000 → 29,940  (10.5 GB read, 219 MB/s)
  [247/2040] 2025-11-06_part_0024.parquet: 272,007 → 8,392  (10.6 GB read, 220 MB/s)
  [248/2040] 2025-10-10_part_0092.parquet: 400,000 → 28,274  (10.7 GB read, 222 MB/s)
  [249/2040] 2025-11-06_part_0028.parquet: 271,606 → 8,256  (10.8 GB read, 223 MB/s)
  [250/2040] 2025-11-06_part_0029.parquet: 271,284 → 8,238  (10.9 GB read, 224 MB/s)
  [251/2040] 2025-11-06_part_0046.parquet: 142,929 → 4,421  (11.0 GB read, 224 MB/s)
  [252/2040] 2025-11-06_part_0036.parquet: 271,656 → 8,083  (11.1 GB read, 223 MB/s)
  [253/2040] 2025-11-06_part_0037.parquet: 270,822 → 8,342  (11.2 GB read, 222 MB/s)
  [254/2040] 2025-11-06_part_0035.parquet: 272,615 → 8,185  (11.3 GB read, 224 MB/s)
  [255/2040] 2025-11-06_part_0031.parquet: 272,422 → 8,425  (11.4 GB read, 225 MB/s)
  [256/2040] 2025-11-06_part_0033.parquet: 271,695 → 8,339  (11.5 GB read, 227 MB/s)
  [257/2040] 2025-11-06_part_0039.parquet: 271,677 → 8,366  (11.6 GB read, 229 MB/s)
  [258/2040] 2025-11-06_part_0032.parquet: 272,199 → 8,403  (11.7 GB read, 229 MB/s)
  [259/2040] 2025-11-06_part_0027.parquet: 272,362 → 8,349  (11.8 GB read, 228 MB/s)
  [260/2040] 2025-10-10_part_0057.parquet: 150,219 → 8,619  (11.9 GB read, 229 MB/s)
  [261/2040] 2025-11-06_part_0038.parquet: 271,347 → 8,255  (12.0 GB read, 230 MB/s)
  [262/2040] 2025-11-06_part_0042.parquet: 271,648 → 8,300  (12.1 GB read, 232 MB/s)
  [263/2040] 2025-11-06_part_0030.parquet: 272,144 → 8,378  (12.2 GB read, 233 MB/s)
  [264/2040] 2025-10-10_part_0094.parquet: 400,000 → 29,682  (12.4 GB read, 236 MB/s)
  [265/2040] 2025-10-10_part_0038.parquet: 400,000 → 30,094  (12.6 GB read, 238 MB/s)
  [266/2040] 2025-10-10_part_0056.parquet: 400,000 → 30,694  (12.8 GB read, 240 MB/s)
  [267/2040] 2025-11-06_part_0044.parquet: 272,054 → 8,406  (12.9 GB read, 242 MB/s)
  [268/2040] 2025-11-06_part_0047.parquet: 270,848 → 8,243  (13.0 GB read, 244 MB/s)
  [269/2040] 2025-10-10_part_0021.parquet: 150,147 → 12,299  (13.0 GB read, 244 MB/s)
  [270/2040] 2025-11-06_part_0048.parquet: 272,008 → 8,384  (13.1 GB read, 244 MB/s)
  [271/2040] 2025-11-06_part_0054.parquet: 270,756 → 8,294  (13.2 GB read, 246 MB/s)
  [272/2040] 2025-11-06_part_0049.parquet: 271,280 → 8,264  (13.3 GB read, 247 MB/s)
  [273/2040] 2025-11-06_part_0051.parquet: 271,377 → 8,256  (13.4 GB read, 249 MB/s)
  [274/2040] 2025-11-06_part_0040.parquet: 272,341 → 8,333  (13.6 GB read, 250 MB/s)
  [275/2040] 2025-11-06_part_0052.parquet: 271,911 → 8,187  (13.7 GB read, 251 MB/s)
  [276/2040] 2025-10-10_part_0037.parquet: 150,421 → 12,773  (13.7 GB read, 252 MB/s)
  [277/2040] 2025-11-06_part_0056.parquet: 271,662 → 8,489  (13.8 GB read, 253 MB/s)
  [278/2040] 2025-11-06_part_0057.parquet: 271,676 → 8,143  (13.9 GB read, 255 MB/s)
  [279/2040] 2025-11-06_part_0053.parquet: 271,782 → 8,339  (14.0 GB read, 255 MB/s)
  [280/2040] 2025-11-06_part_0045.parquet: 400,000 → 12,232  (14.2 GB read, 256 MB/s)
  [281/2040] 2025-11-06_part_0055.parquet: 271,883 → 8,366  (14.3 GB read, 258 MB/s)
  [282/2040] 2025-10-10_part_0006.parquet: 400,000 → 27,829  (14.5 GB read, 260 MB/s)
  [283/2040] 2025-11-06_part_0060.parquet: 272,417 → 8,449  (14.6 GB read, 258 MB/s)
  [284/2040] 2025-10-10_part_0009.parquet: 151,368 → 11,228  (14.6 GB read, 257 MB/s)
  [285/2040] 2025-11-06_part_0062.parquet: 271,943 → 8,466  (14.8 GB read, 259 MB/s)
  [286/2040] 2025-11-06_part_0059.parquet: 271,286 → 8,386  (14.9 GB read, 259 MB/s)
  [287/2040] 2025-11-06_part_0050.parquet: 271,534 → 8,321  (15.0 GB read, 261 MB/s)
  [288/2040] 2025-10-10_part_0003.parquet: 150,640 → 12,403  (15.0 GB read, 262 MB/s)
  [289/2040] 2025-11-06_part_0065.parquet: 272,011 → 8,528  (15.1 GB read, 261 MB/s)
  [290/2040] 2025-10-10_part_0060.parquet: 400,000 → 27,978  (15.3 GB read, 263 MB/s)
  [291/2040] 2025-11-06_part_0063.parquet: 272,201 → 8,477  (15.4 GB read, 264 MB/s)
  [292/2040] 2025-11-06_part_0064.parquet: 271,888 → 8,406  (15.5 GB read, 266 MB/s)
  [293/2040] 2025-11-06_part_0067.parquet: 271,415 → 8,394  (15.6 GB read, 267 MB/s)
  [294/2040] 2025-10-10_part_0010.parquet: 400,000 → 28,033  (15.8 GB read, 267 MB/s)
  [295/2040] 2025-11-06_part_0069.parquet: 270,854 → 8,223  (15.9 GB read, 268 MB/s)
  [296/2040] 2025-11-06_part_0072.parquet: 271,285 → 8,281  (16.0 GB read, 269 MB/s)
  [297/2040] 2025-11-06_part_0071.parquet: 271,775 → 8,293  (16.1 GB read, 269 MB/s)
  [298/2040] 2025-11-06_part_0061.parquet: 271,468 → 8,262  (16.2 GB read, 270 MB/s)
  [299/2040] 2025-10-10_part_0097.parquet: 150,828 → 15,353  (16.3 GB read, 270 MB/s)
  [300/2040] 2025-11-06_part_0070.parquet: 271,007 → 8,305  (16.4 GB read, 272 MB/s)
  [301/2040] 2025-11-06_part_0068.parquet: 272,050 → 8,223  (16.5 GB read, 273 MB/s)
  [302/2040] 2025-11-06_part_0058.parquet: 271,581 → 8,366  (16.6 GB read, 274 MB/s)
  [303/2040] 2025-11-06_part_0073.parquet: 271,511 → 8,228  (16.7 GB read, 275 MB/s)
  [304/2040] 2025-11-06_part_0079.parquet: 270,448 → 8,127  (16.8 GB read, 277 MB/s)
  [305/2040] 2025-11-06_part_0074.parquet: 271,765 → 8,218  (16.9 GB read, 278 MB/s)
  [306/2040] 2025-11-06_part_0006.parquet: 400,000 → 12,312  (17.1 GB read, 280 MB/s)
  [307/2040] 2025-11-06_part_0080.parquet: 270,518 → 8,332  (17.2 GB read, 281 MB/s)
  [308/2040] 2025-11-06_part_0076.parquet: 271,474 → 8,463  (17.3 GB read, 282 MB/s)
  [309/2040] 2025-11-06_part_0084.parquet: 271,584 → 8,305  (17.4 GB read, 281 MB/s)
  [310/2040] 2025-11-06_part_0078.parquet: 271,200 → 8,484  (17.5 GB read, 283 MB/s)
  [311/2040] 2025-11-06_part_0075.parquet: 272,173 → 8,542  (17.6 GB read, 284 MB/s)
  [312/2040] 2025-11-06_part_0077.parquet: 271,531 → 8,222  (17.7 GB read, 285 MB/s)
  [313/2040] 2025-11-06_part_0082.parquet: 270,850 → 8,220  (17.8 GB read, 286 MB/s)
  [314/2040] 2025-11-06_part_0081.parquet: 272,162 → 8,377  (17.9 GB read, 287 MB/s)
  [315/2040] 2025-11-06_part_0091.parquet: 270,722 → 8,352  (18.0 GB read, 288 MB/s)
  [316/2040] 2025-11-06_part_0086.parquet: 271,397 → 8,225  (18.1 GB read, 289 MB/s)
  [317/2040] 2025-11-06_part_0083.parquet: 272,440 → 8,329  (18.2 GB read, 289 MB/s)
  [318/2040] 2025-11-06_part_0090.parquet: 271,338 → 8,292  (18.3 GB read, 291 MB/s)
  [319/2040] 2025-11-06_part_0089.parquet: 272,411 → 8,331  (18.4 GB read, 292 MB/s)
  [320/2040] 2025-11-06_part_0085.parquet: 271,706 → 8,404  (18.6 GB read, 293 MB/s)
  [321/2040] 2025-11-06_part_0087.parquet: 271,513 → 8,267  (18.7 GB read, 294 MB/s)
  [322/2040] 2025-10-10_part_0052.parquet: 400,000 → 28,763  (18.8 GB read, 296 MB/s)
  [323/2040] 2025-11-06_part_0093.parquet: 271,693 → 8,302  (18.9 GB read, 297 MB/s)
  [324/2040] 2025-11-06_part_0094.parquet: 270,896 → 8,354  (19.0 GB read, 298 MB/s)
  [325/2040] 2025-11-06_part_0088.parquet: 271,529 → 8,320  (19.1 GB read, 299 MB/s)
  [326/2040] 2025-11-06_part_0097.parquet: 272,350 → 8,353  (19.3 GB read, 300 MB/s)
  [327/2040] 2025-11-06_part_0095.parquet: 271,299 → 8,381  (19.4 GB read, 300 MB/s)
  [328/2040] 2025-11-06_part_0092.parquet: 271,464 → 8,276  (19.5 GB read, 300 MB/s)
  [329/2040] 2025-11-06_part_0096.parquet: 271,146 → 8,303  (19.6 GB read, 302 MB/s)
  [330/2040] 2025-10-10_part_0090.parquet: 400,000 → 26,782  (19.7 GB read, 302 MB/s)
  [331/2040] 2025-11-06_part_0100.parquet: 271,938 → 8,311  (19.8 GB read, 302 MB/s)
  [332/2040] 2025-11-06_part_0102.parquet: 270,892 → 8,418  (20.0 GB read, 303 MB/s)
  [333/2040] 2025-11-06_part_0103.parquet: 270,742 → 8,279  (20.1 GB read, 304 MB/s)
  [334/2040] 2025-11-06_part_0041.parquet: 272,161 → 8,339  (20.2 GB read, 303 MB/s)
  [335/2040] 2025-11-06_part_0098.parquet: 272,436 → 8,494  (20.3 GB read, 303 MB/s)
  [336/2040] 2025-11-06_part_0104.parquet: 271,411 → 8,411  (20.4 GB read, 302 MB/s)
  [337/2040] 2025-11-06_part_0099.parquet: 270,687 → 8,295  (20.5 GB read, 304 MB/s)
  [338/2040] 2025-11-06_part_0107.parquet: 272,055 → 8,301  (20.6 GB read, 305 MB/s)
  [339/2040] 2025-11-06_part_0106.parquet: 272,353 → 8,324  (20.7 GB read, 307 MB/s)
  [340/2040] 2025-11-06_part_0109.parquet: 270,870 → 8,221  (20.8 GB read, 308 MB/s)
  [341/2040] 2025-10-10_part_0054.parquet: 400,000 → 28,959  (21.0 GB read, 310 MB/s)
  [342/2040] 2025-11-06_part_0009.parquet: 271,487 → 8,387  (21.1 GB read, 311 MB/s)
  [343/2040] 2025-11-06_part_0014.parquet: 272,341 → 8,381  (21.2 GB read, 312 MB/s)
  [344/2040] 2025-11-06_part_0105.parquet: 271,294 → 8,297  (21.3 GB read, 313 MB/s)
  [345/2040] 2025-11-06_part_0108.parquet: 271,794 → 8,210  (21.4 GB read, 314 MB/s)
  [346/2040] 2025-11-06_part_0110.parquet: 271,071 → 8,439  (21.5 GB read, 315 MB/s)
  [347/2040] 2025-11-06_part_0111.parquet: 271,314 → 8,366  (21.6 GB read, 316 MB/s)
  [348/2040] 2025-11-06_part_0114.parquet: 270,630 → 8,439  (21.7 GB read, 317 MB/s)
  [349/2040] 2025-10-10_part_0046.parquet: 400,000 → 29,590  (21.9 GB read, 319 MB/s)
  [350/2040] 2025-11-06_part_0101.parquet: 272,907 → 8,419  (22.0 GB read, 319 MB/s)
  [351/2040] 2025-11-06_part_0112.parquet: 271,749 → 8,511  (22.1 GB read, 320 MB/s)
  [352/2040] 2025-10-10_part_0066.parquet: 400,000 → 28,397  (22.3 GB read, 321 MB/s)
  [353/2040] 2025-11-06_part_0116.parquet: 271,819 → 8,277  (22.4 GB read, 323 MB/s)
  [354/2040] 2025-11-06_part_0121.parquet: 271,730 → 8,282  (22.5 GB read, 324 MB/s)
  [355/2040] 2025-11-06_part_0115.parquet: 271,670 → 8,262  (22.6 GB read, 324 MB/s)
  [356/2040] 2025-11-06_part_0123.parquet: 272,055 → 8,332  (22.7 GB read, 326 MB/s)
  [357/2040] 2025-11-06_part_0122.parquet: 271,765 → 8,364  (22.8 GB read, 327 MB/s)
  [358/2040] 2025-11-07_part_0000.parquet: 8,418 → 314  (22.8 GB read, 326 MB/s)
  [359/2040] 2025-11-08_part_0000.parquet: 8,307 → 149  (22.8 GB read, 324 MB/s)
  [360/2040] 2025-11-06_part_0120.parquet: 272,014 → 8,245  (22.9 GB read, 326 MB/s)
  [361/2040] 2025-11-10_part_0000.parquet: 1,041 → 22  (22.9 GB read, 326 MB/s)
  [362/2040] 2025-11-11_part_0000.parquet: 2,159 → 71  (22.9 GB read, 325 MB/s)
  [363/2040] 2025-11-09_part_0000.parquet: 2,920 → 56  (22.9 GB read, 325 MB/s)
  [364/2040] 2025-11-06_part_0117.parquet: 272,300 → 8,385  (23.0 GB read, 326 MB/s)
  [365/2040] 2025-11-06_part_0127.parquet: 271,017 → 8,259  (23.1 GB read, 327 MB/s)
  [366/2040] 2025-11-13_part_0000.parquet: 1,896 → 39  (23.1 GB read, 327 MB/s)
  [367/2040] 2025-11-06_part_0124.parquet: 271,505 → 8,443  (23.2 GB read, 328 MB/s)
  [368/2040] 2025-11-12_part_0000.parquet: 2,790 → 73  (23.2 GB read, 328 MB/s)
  [369/2040] 2025-11-06_part_0128.parquet: 271,602 → 8,253  (23.3 GB read, 329 MB/s)
  [370/2040] 2025-11-16_part_0000.parquet: 1,096 → 37  (23.3 GB read, 329 MB/s)
  [371/2040] 2025-11-15_part_0000.parquet: 5,435 → 48  (23.3 GB read, 328 MB/s)
  [372/2040] 2025-11-14_part_0000.parquet: 9,320 → 103  (23.3 GB read, 328 MB/s)
  [373/2040] 2025-10-10_part_0032.parquet: 400,000 → 28,729  (23.5 GB read, 330 MB/s)
  [374/2040] 2025-11-06_part_0130.parquet: 272,927 → 8,250  (23.6 GB read, 331 MB/s)
  [375/2040] 2025-11-18_part_0000.parquet: 2,608 → 55  (23.6 GB read, 330 MB/s)
  [376/2040] 2025-11-06_part_0125.parquet: 271,496 → 8,345  (23.7 GB read, 332 MB/s)
  [377/2040] 2025-11-19_part_0000.parquet: 2,516 → 63  (23.7 GB read, 332 MB/s)
  [378/2040] 2025-11-17_part_0000.parquet: 4,781 → 863  (23.7 GB read, 332 MB/s)
  [379/2040] 2025-11-06_part_0131.parquet: 270,968 → 8,357  (23.8 GB read, 333 MB/s)
  [380/2040] 2025-11-20_part_0000.parquet: 5,801 → 73  (23.8 GB read, 332 MB/s)
  [381/2040] 2025-11-29_part_0000.parquet: 49 → 1  (23.8 GB read, 331 MB/s)
  [382/2040] 2025-11-06_part_0126.parquet: 271,885 → 8,333  (23.9 GB read, 332 MB/s)
  [383/2040] 2025-11-30_part_0000.parquet: 1 → 0  (23.9 GB read, 332 MB/s)
  [384/2040] 2025-11-27_part_0000.parquet: 2,218 → 63  (23.9 GB read, 332 MB/s)
  [385/2040] 2025-11-25_part_0000.parquet: 13,549 → 242  (23.9 GB read, 331 MB/s)
  [386/2040] 2025-12-02_part_0000.parquet: 46 → 1  (23.9 GB read, 331 MB/s)
  [387/2040] 2025-11-23_part_0000.parquet: 18,182 → 474  (23.9 GB read, 331 MB/s)
  [388/2040] 2025-11-06_part_0142.parquet: 270,921 → 8,420  (24.0 GB read, 331 MB/s)
  [389/2040] 2025-12-03_part_0000.parquet: 23,599 → 580  (24.1 GB read, 331 MB/s)
  [390/2040] 2025-12-05_part_0000.parquet: 10,798 → 486  (24.1 GB read, 331 MB/s)
  [391/2040] 2025-12-04_part_0000.parquet: 6,648 → 206  (24.1 GB read, 331 MB/s)
  [392/2040] 2025-12-06_part_0000.parquet: 12,585 → 154  (24.1 GB read, 331 MB/s)
  [393/2040] 2025-12-09_part_0000.parquet: 63 → 1  (24.1 GB read, 331 MB/s)
  [394/2040] 2025-12-01_part_0000.parquet: 15,884 → 1,608  (24.1 GB read, 331 MB/s)
  [395/2040] 2025-12-07_part_0000.parquet: 2,646 → 31  (24.1 GB read, 330 MB/s)
  [396/2040] 2025-11-06_part_0139.parquet: 270,848 → 8,381  (24.2 GB read, 332 MB/s)
  [397/2040] 2025-11-06_part_0141.parquet: 272,374 → 8,359  (24.3 GB read, 333 MB/s)
  [398/2040] 2025-11-28_part_0000.parquet: 84,897 → 1,032  (24.3 GB read, 333 MB/s)
  [399/2040] 2025-11-06_part_0140.parquet: 271,327 → 8,300  (24.4 GB read, 334 MB/s)
  [400/2040] 2025-11-06_part_0129.parquet: 272,111 → 8,369  (24.5 GB read, 336 MB/s)
  [401/2040] 2025-12-08_part_0000.parquet: 6,455 → 96  (24.5 GB read, 335 MB/s)
  [402/2040] 2025-11-06_part_0132.parquet: 271,347 → 8,186  (24.6 GB read, 337 MB/s)
  [403/2040] 2025-11-06_part_0136.parquet: 272,251 → 8,284  (24.7 GB read, 338 MB/s)
  [404/2040] 2025-12-10_part_0000.parquet: 8,480 → 148  (24.7 GB read, 337 MB/s)
  [405/2040] 2025-12-14_part_0000.parquet: 2,210 → 38  (24.7 GB read, 337 MB/s)
  [406/2040] 2025-12-13_part_0000.parquet: 10,235 → 257  (24.7 GB read, 337 MB/s)
  [407/2040] 2025-12-11_part_0000.parquet: 21,129 → 427  (24.7 GB read, 337 MB/s)
  [408/2040] 2025-12-12_part_0000.parquet: 17,895 → 196  (24.7 GB read, 337 MB/s)
  [409/2040] 2025-12-15_part_0000.parquet: 3,176 → 64  (24.7 GB read, 336 MB/s)
  [410/2040] 2025-11-06_part_0138.parquet: 270,982 → 8,333  (24.8 GB read, 338 MB/s)
  [411/2040] 2025-12-18_part_0000.parquet: 7 → 0  (24.8 GB read, 337 MB/s)
  [412/2040] 2025-11-06_part_0153.parquet: 142,557 → 4,174  (24.9 GB read, 338 MB/s)
  [413/2040] 2025-12-20_part_0000.parquet: 3 → 0  (24.9 GB read, 338 MB/s)
  [414/2040] 2025-12-17_part_0000.parquet: 21,118 → 151  (24.9 GB read, 337 MB/s)
  [415/2040] 2025-10-10_part_0078.parquet: 400,000 → 27,513  (25.1 GB read, 339 MB/s)
  [416/2040] 2025-12-16_part_0000.parquet: 22,741 → 152  (25.1 GB read, 339 MB/s)
  [417/2040] 2025-11-06_part_0137.parquet: 271,454 → 8,352  (25.2 GB read, 341 MB/s)
  [418/2040] 2025-11-06_part_0144.parquet: 272,391 → 8,351  (25.3 GB read, 341 MB/s)
  [419/2040] 2025-11-06_part_0143.parquet: 271,729 → 8,219  (25.4 GB read, 341 MB/s)
  [420/2040] 2025-12-30_part_0000.parquet: 11,350 → 270  (25.4 GB read, 340 MB/s)
  [421/2040] 2026-01-01_part_0000.parquet: 4,013 → 80  (25.4 GB read, 340 MB/s)
  [422/2040] 2025-12-31_part_0000.parquet: 5,572 → 91  (25.4 GB read, 340 MB/s)
  [423/2040] 2026-01-03_part_0000.parquet: 3,960 → 48  (25.4 GB read, 340 MB/s)
  [424/2040] 2025-12-29_part_0000.parquet: 10,524 → 447  (25.4 GB read, 340 MB/s)
  [425/2040] 2026-01-02_part_0000.parquet: 4,106 → 149  (25.4 GB read, 340 MB/s)
  [426/2040] 2025-11-06_part_0146.parquet: 272,118 → 8,492  (25.5 GB read, 341 MB/s)
  [427/2040] 2026-01-06_part_0000.parquet: 1,394 → 368  (25.5 GB read, 340 MB/s)
  [428/2040] 2026-01-05_part_0000.parquet: 2,068 → 51  (25.5 GB read, 340 MB/s)
  [429/2040] 2025-11-06_part_0145.parquet: 271,450 → 8,389  (25.6 GB read, 341 MB/s)
  [430/2040] 2026-01-04_part_0000.parquet: 3,253 → 277  (25.6 GB read, 341 MB/s)
  [431/2040] 2026-01-13_part_0001.parquet: 13,482 → 440  (25.6 GB read, 340 MB/s)
  [432/2040] 2025-12-19_part_0000.parquet: 93,488 → 2,895  (25.6 GB read, 341 MB/s)
  [433/2040] 2026-01-11_part_0000.parquet: 12,112 → 235  (25.6 GB read, 340 MB/s)
  [434/2040] 2026-01-16_part_0000.parquet: 9,414 → 205  (25.6 GB read, 340 MB/s)
  [435/2040] 2025-11-06_part_0135.parquet: 271,507 → 8,383  (25.8 GB read, 341 MB/s)
  [436/2040] 2026-01-08_part_0000.parquet: 20,957 → 1,114  (25.8 GB read, 341 MB/s)
  [437/2040] 2025-12-23_part_0000.parquet: 109,465 → 3,715  (25.8 GB read, 341 MB/s)
  [438/2040] 2025-11-06_part_0150.parquet: 271,958 → 8,285  (25.9 GB read, 342 MB/s)
  [439/2040] 2025-11-06_part_0148.parquet: 270,614 → 8,313  (26.0 GB read, 344 MB/s)
  [440/2040] 2026-01-19_part_0000.parquet: 6,872 → 420  (26.0 GB read, 344 MB/s)
  [441/2040] 2026-01-10_part_0000.parquet: 12,837 → 443  (26.0 GB read, 343 MB/s)
  [442/2040] 2026-01-24_part_0000.parquet: 10,840 → 358  (26.0 GB read, 343 MB/s)
  [443/2040] 2026-01-23_part_0000.parquet: 11,712 → 446  (26.0 GB read, 343 MB/s)
  [444/2040] 2026-01-20_part_0000.parquet: 20,898 → 1,214  (26.0 GB read, 343 MB/s)
  [445/2040] 2026-01-17_part_0000.parquet: 6,315 → 156  (26.0 GB read, 343 MB/s)
  [446/2040] 2026-01-25_part_0000.parquet: 12,690 → 281  (26.0 GB read, 343 MB/s)
  [447/2040] 2025-12-24_part_0000.parquet: 101,952 → 4,032  (26.1 GB read, 343 MB/s)
  [448/2040] 2025-10-10_part_0030.parquet: 400,000 → 28,032  (26.2 GB read, 345 MB/s)
  [449/2040] 2025-11-06_part_0156.parquet: 270,996 → 8,297  (26.3 GB read, 347 MB/s)
  [450/2040] 2026-01-22_part_0000.parquet: 11,752 → 356  (26.3 GB read, 346 MB/s)
  [451/2040] 2025-12-26_part_0000.parquet: 107,671 → 3,285  (26.4 GB read, 347 MB/s)
  [452/2040] 2025-12-28_part_0000.parquet: 120,631 → 2,513  (26.4 GB read, 347 MB/s)
  [453/2040] 2025-12-27_part_0000.parquet: 165,972 → 4,118  (26.4 GB read, 347 MB/s)
  [454/2040] 2026-01-15_part_0000.parquet: 44,239 → 1,274  (26.4 GB read, 347 MB/s)
  [455/2040] 2025-10-10_part_0062.parquet: 400,000 → 28,495  (26.6 GB read, 349 MB/s)
  [456/2040] 2025-11-06_part_0147.parquet: 270,885 → 8,310  (26.7 GB read, 350 MB/s)
  [457/2040] 2026-01-26_part_0000.parquet: 5,741 → 115  (26.7 GB read, 350 MB/s)
  [458/2040] 2025-11-06_part_0066.parquet: 271,409 → 8,344  (26.8 GB read, 352 MB/s)
  [459/2040] 2025-11-06_part_0157.parquet: 270,879 → 8,283  (26.9 GB read, 353 MB/s)
  [460/2040] 2025-12-22_part_0000.parquet: 114,958 → 3,655  (27.0 GB read, 353 MB/s)
  [461/2040] 2025-11-06_part_0149.parquet: 271,767 → 8,212  (27.1 GB read, 355 MB/s)
  [462/2040] 2026-01-29_part_0000.parquet: 6,509 → 105  (27.1 GB read, 354 MB/s)
  [463/2040] 2026-02-02_part_0000.parquet: 7,511 → 62  (27.1 GB read, 354 MB/s)
  [464/2040] 2026-01-30_part_0000.parquet: 28,303 → 116  (27.1 GB read, 353 MB/s)
  [465/2040] 2026-02-01_part_0000.parquet: 6,129 → 163  (27.1 GB read, 353 MB/s)
  [466/2040] 2026-02-04_part_0000.parquet: 2,558 → 51  (27.1 GB read, 353 MB/s)
  [467/2040] 2026-01-27_part_0000.parquet: 4,739 → 210  (27.1 GB read, 353 MB/s)
  [468/2040] 2026-01-14_part_0000.parquet: 7,535 → 169  (27.1 GB read, 353 MB/s)
  [469/2040] 2025-11-06_part_0151.parquet: 271,266 → 8,237  (27.2 GB read, 354 MB/s)
  [470/2040] 2026-01-28_part_0000.parquet: 11,863 → 191  (27.2 GB read, 354 MB/s)
  [471/2040] 2025-11-06_part_0159.parquet: 271,599 → 8,241  (27.3 GB read, 355 MB/s)
  [472/2040] 2026-01-21_part_0000.parquet: 10,633 → 442  (27.3 GB read, 355 MB/s)
  [473/2040] 2026-02-03_part_0000.parquet: 19,424 → 990  (27.3 GB read, 355 MB/s)
  [474/2040] 2025-10-10_part_0074.parquet: 400,000 → 25,425  (27.5 GB read, 357 MB/s)
  [475/2040] 2026-02-08_part_0000.parquet: 13,507 → 137  (27.5 GB read, 356 MB/s)
  [476/2040] 2025-11-06_part_0158.parquet: 271,463 → 8,330  (27.6 GB read, 356 MB/s)
  [477/2040] 2025-11-06_part_0155.parquet: 272,309 → 8,304  (27.7 GB read, 357 MB/s)
  [478/2040] 2026-02-06_part_0000.parquet: 39,105 → 681  (27.7 GB read, 356 MB/s)
  [479/2040] 2026-02-07_part_0000.parquet: 80,271 → 615  (27.7 GB read, 356 MB/s)
  [480/2040] 2026-02-09_part_0020.parquet: 889 → 0  (27.7 GB read, 356 MB/s)
  [481/2040] 2026-02-13_part_0000.parquet: 8,081 → 355  (27.7 GB read, 354 MB/s)
  [482/2040] 2026-02-12_part_0000.parquet: 5,754 → 331  (27.7 GB read, 354 MB/s)
  [483/2040] 2026-01-09_part_0000.parquet: 33,611 → 865  (27.7 GB read, 354 MB/s)
  [484/2040] 2026-02-14_part_0000.parquet: 5,632 → 163  (27.7 GB read, 353 MB/s)
  [485/2040] 2026-02-23_part_0000.parquet: 2,957 → 22  (27.7 GB read, 352 MB/s)
  [486/2040] 2026-02-16_part_0000.parquet: 3,926 → 164  (27.7 GB read, 351 MB/s)
  [487/2040] 2026-02-18_part_0000.parquet: 14,908 → 293  (27.7 GB read, 351 MB/s)
  [488/2040] 2026-02-20_part_0000.parquet: 15,934 → 819  (27.7 GB read, 351 MB/s)
  [489/2040] 2025-12-25_part_0000.parquet: 96,926 → 5,083  (27.8 GB read, 351 MB/s)
  [490/2040] 2026-02-27_part_0000.parquet: 44,597 → 277  (27.8 GB read, 351 MB/s)
  [491/2040] 2026-02-19_part_0000.parquet: 12,854 → 340  (27.8 GB read, 351 MB/s)
  [492/2040] 2026-02-17_part_0000.parquet: 8,404 → 90  (27.8 GB read, 350 MB/s)
  [493/2040] 2026-02-22_part_0000.parquet: 3,830 → 179  (27.8 GB read, 350 MB/s)
  [494/2040] 2026-02-21_part_0000.parquet: 14,471 → 211  (27.8 GB read, 350 MB/s)
  [495/2040] 2025-12-21_part_0000.parquet: 272,017 → 8,617  (27.9 GB read, 350 MB/s)
  [496/2040] 2026-03-01_part_0000.parquet: 6,685 → 97  (27.9 GB read, 350 MB/s)
  [497/2040] 2025-11-06_part_0152.parquet: 400,000 → 12,446  (28.0 GB read, 352 MB/s)
  [498/2040] 2026-02-28_part_0000.parquet: 7,269 → 217  (28.0 GB read, 351 MB/s)
  [499/2040] 2026-02-15_part_0000.parquet: 6,209 → 102  (28.0 GB read, 350 MB/s)
  [500/2040] 2025-11-06_part_0154.parquet: 272,294 → 8,241  (28.1 GB read, 350 MB/s)
  [501/2040] 2026-02-24_part_0000.parquet: 12,839 → 113  (28.1 GB read, 350 MB/s)
  [502/2040] 2026-03-08_part_0000.parquet: 27,313 → 586  (28.1 GB read, 349 MB/s)
  [503/2040] 2026-03-05_part_0000.parquet: 32,654 → 602  (28.1 GB read, 349 MB/s)
  [504/2040] 2026-03-04_part_0000.parquet: 40,751 → 740  (28.2 GB read, 349 MB/s)
  [505/2040] 2026-02-26_part_0000.parquet: 10,984 → 156  (28.2 GB read, 349 MB/s)
  [506/2040] 2026-02-09_part_0001.parquet: 200,126 → 301  (28.2 GB read, 349 MB/s)
  [507/2040] 2026-03-12_part_0000.parquet: 15,287 → 324  (28.2 GB read, 348 MB/s)
  [508/2040] 2026-03-13_part_0000.parquet: 11,126 → 301  (28.3 GB read, 348 MB/s)
  [509/2040] 2026-03-14_part_0000.parquet: 13,685 → 913  (28.3 GB read, 348 MB/s)
  [510/2040] 2026-03-11_part_0000.parquet: 16,114 → 618  (28.3 GB read, 348 MB/s)
  [511/2040] 2026-02-09_part_0007.parquet: 200,847 → 295  (28.3 GB read, 349 MB/s)
  [512/2040] 2026-03-03_part_0000.parquet: 10,961 → 125  (28.3 GB read, 348 MB/s)
  [513/2040] 2026-02-09_part_0005.parquet: 200,080 → 289  (28.4 GB read, 349 MB/s)
  [514/2040] 2026-03-18_part_0000.parquet: 10,070 → 195  (28.4 GB read, 349 MB/s)
  [515/2040] 2025-11-06_part_0119.parquet: 271,396 → 8,330  (28.5 GB read, 350 MB/s)
  [516/2040] 2026-02-09_part_0003.parquet: 200,279 → 325  (28.6 GB read, 351 MB/s)
  [517/2040] 2026-02-09_part_0016.parquet: 200,496 → 309  (28.7 GB read, 352 MB/s)
  [518/2040] 2026-03-21_part_0000.parquet: 9,426 → 136  (28.7 GB read, 351 MB/s)
  [519/2040] 2026-02-09_part_0009.parquet: 201,047 → 265  (28.7 GB read, 352 MB/s)
  [520/2040] 2026-03-22_part_0000.parquet: 4,071 → 72  (28.7 GB read, 352 MB/s)
  [521/2040] 2026-02-09_part_0023.parquet: 200,859 → 322  (28.8 GB read, 352 MB/s)
  [522/2040] 2026-02-09_part_0017.parquet: 201,149 → 320  (28.9 GB read, 353 MB/s)
  [523/2040] 2026-02-09_part_0014.parquet: 201,095 → 307  (28.9 GB read, 354 MB/s)
  [524/2040] 2026-02-09_part_0000.parquet: 200,241 → 270  (29.0 GB read, 354 MB/s)
  [525/2040] 2026-03-23_part_0000.parquet: 1,797 → 38  (29.0 GB read, 354 MB/s)
  [526/2040] 2026-02-09_part_0008.parquet: 200,598 → 307  (29.1 GB read, 355 MB/s)
  [527/2040] 2026-02-09_part_0018.parquet: 199,436 → 315  (29.2 GB read, 355 MB/s)
  [528/2040] 2026-02-09_part_0004.parquet: 200,671 → 312  (29.2 GB read, 356 MB/s)
  [529/2040] 2026-02-09_part_0006.parquet: 200,296 → 327  (29.3 GB read, 356 MB/s)
  [530/2040] 2026-03-15_part_0000.parquet: 71,956 → 569  (29.3 GB read, 357 MB/s)
  [531/2040] 2026-02-09_part_0010.parquet: 201,156 → 311  (29.4 GB read, 357 MB/s)
  [532/2040] 2026-02-09_part_0013.parquet: 199,428 → 319  (29.5 GB read, 358 MB/s)
  [533/2040] 2025-11-06_part_0043.parquet: 272,518 → 8,366  (29.6 GB read, 359 MB/s)
  [534/2040] 2026-02-09_part_0021.parquet: 200,421 → 284  (29.7 GB read, 360 MB/s)
  [535/2040] 2026-02-09_part_0012.parquet: 200,589 → 246  (29.7 GB read, 360 MB/s)
  [536/2040] 2026-02-09_part_0011.parquet: 199,708 → 305  (29.8 GB read, 361 MB/s)
  [537/2040] 2026-03-26_part_0000.parquet: 7,774 → 169  (29.8 GB read, 361 MB/s)
  [538/2040] 2026-01-13_part_0000.parquet: 400,000 → 16,239  (29.9 GB read, 362 MB/s)
  [539/2040] 2026-03-24_part_0000.parquet: 5,508 → 155  (29.9 GB read, 361 MB/s)
  [540/2040] 2026-03-30_part_0000.parquet: 3,159 → 57  (29.9 GB read, 361 MB/s)
  [541/2040] 2026-03-29_part_0000.parquet: 6,151 → 77  (29.9 GB read, 361 MB/s)
  [542/2040] 2026-03-28_part_0000.parquet: 8,024 → 194  (29.9 GB read, 361 MB/s)
  [543/2040] 2026-03-31_part_0000.parquet: 6,621 → 154  (29.9 GB read, 360 MB/s)
  [544/2040] 2026-04-06_part_0000.parquet: 7,474 → 45  (29.9 GB read, 359 MB/s)
  [545/2040] 2026-04-05_part_0000.parquet: 9,610 → 354  (29.9 GB read, 359 MB/s)
  [546/2040] 2026-04-09_part_0000.parquet: 11,254 → 115  (29.9 GB read, 359 MB/s)
  [547/2040] 2026-04-10_part_0000.parquet: 10,447 → 149  (29.9 GB read, 359 MB/s)
  [548/2040] 2026-02-09_part_0015.parquet: 200,321 → 303  (30.0 GB read, 360 MB/s)
  [549/2040] 2026-04-08_part_0000.parquet: 12,627 → 235  (30.0 GB read, 359 MB/s)
  [550/2040] 2026-04-07_part_0000.parquet: 16,394 → 1,081  (30.0 GB read, 360 MB/s)
  [551/2040] 2026-04-12_part_0000.parquet: 6,934 → 95  (30.0 GB read, 360 MB/s)
  [552/2040] 2026-04-13_part_0000.parquet: 5,722 → 49  (30.0 GB read, 360 MB/s)
  [553/2040] 2026-04-14_part_0000.parquet: 7,664 → 168  (30.0 GB read, 359 MB/s)
  [554/2040] 2026-04-04_part_0000.parquet: 32,617 → 559  (30.0 GB read, 359 MB/s)
  [555/2040] 2026-04-03_part_0000.parquet: 48,359 → 557  (30.0 GB read, 359 MB/s)
  [556/2040] 2026-04-11_part_0000.parquet: 13,068 → 227  (30.0 GB read, 359 MB/s)
  [557/2040] 2025-11-06_part_0034.parquet: 271,756 → 8,248  (30.1 GB read, 360 MB/s)
  [558/2040] 2026-04-02_part_0000.parquet: 54,619 → 783  (30.1 GB read, 360 MB/s)
  [559/2040] 2026-02-09_part_0022.parquet: 199,979 → 322  (30.2 GB read, 361 MB/s)
  [560/2040] 2026-04-15_part_0000.parquet: 7,177 → 176  (30.2 GB read, 361 MB/s)
  [561/2040] 2026-04-17_part_0000.parquet: 11,315 → 209  (30.2 GB read, 361 MB/s)
  [562/2040] 2026-04-16_part_0000.parquet: 17,851 → 198  (30.2 GB read, 361 MB/s)
  [563/2040] 2026-04-18_part_0000.parquet: 12,671 → 197  (30.2 GB read, 360 MB/s)
  [564/2040] 2026-04-20_part_0000.parquet: 3,547 → 49  (30.2 GB read, 360 MB/s)
  [565/2040] 2026-04-27_part_0000.parquet: 2,937 → 43  (30.2 GB read, 359 MB/s)
  [566/2040] 2026-04-19_part_0000.parquet: 34,907 → 1,657  (30.2 GB read, 359 MB/s)
  [567/2040] 2026-04-26_part_0000.parquet: 7,700 → 127  (30.2 GB read, 359 MB/s)
  [568/2040] 2026-04-23_part_0000.parquet: 16,138 → 259  (30.3 GB read, 359 MB/s)
  [569/2040] 2026-04-24_part_0000.parquet: 10,876 → 273  (30.3 GB read, 359 MB/s)
  [570/2040] 2026-04-22_part_0000.parquet: 13,785 → 241  (30.3 GB read, 359 MB/s)
  [571/2040] 2026-04-25_part_0000.parquet: 8,952 → 187  (30.3 GB read, 359 MB/s)
  [572/2040] 2026-04-29_part_0000.parquet: 6,059 → 240  (30.3 GB read, 359 MB/s)
  [573/2040] 2026-05-01_part_0000.parquet: 5,976 → 114  (30.3 GB read, 359 MB/s)
  [574/2040] 2026-04-21_part_0000.parquet: 123,085 → 170  (30.3 GB read, 358 MB/s)
  [575/2040] 2026-05-04_part_0000.parquet: 4,925 → 23  (30.3 GB read, 358 MB/s)
  [576/2040] 2026-04-30_part_0000.parquet: 9,524 → 134  (30.3 GB read, 358 MB/s)
  [577/2040] 2026-05-03_part_0000.parquet: 14,945 → 176  (30.3 GB read, 358 MB/s)
  [578/2040] 2026-05-02_part_0000.parquet: 27,234 → 372  (30.3 GB read, 357 MB/s)
  [579/2040] 2026-05-05_part_0000.parquet: 39,409 → 144  (30.3 GB read, 357 MB/s)
  [580/2040] 2026-02-09_part_0024.parquet: 200,761 → 335  (30.4 GB read, 357 MB/s)
  [581/2040] 2025-10-10_part_0024.parquet: 400,000 → 28,246  (30.5 GB read, 359 MB/s)
  [582/2040] 2026-03-10_part_0000.parquet: 317,168 → 1,578  (30.6 GB read, 360 MB/s)
  [583/2040] 2026-05-07_part_0000.parquet: 16,499 → 339  (30.6 GB read, 359 MB/s)
  [584/2040] 2026-05-13_part_0000.parquet: 9,650 → 200  (30.6 GB read, 359 MB/s)
  [585/2040] 2026-05-10_part_0000.parquet: 7,502 → 88  (30.6 GB read, 359 MB/s)
  [586/2040] 2026-04-28_part_0000.parquet: 253,057 → 154  (30.6 GB read, 359 MB/s)
  [587/2040] 2026-05-08_part_0000.parquet: 42,270 → 358  (30.6 GB read, 359 MB/s)
  [588/2040] 2026-05-11_part_0000.parquet: 16,540 → 79  (30.6 GB read, 359 MB/s)
  [589/2040] 2026-05-09_part_0000.parquet: 53,607 → 236  (30.6 GB read, 359 MB/s)
  [590/2040] 2026-05-15_part_0000.parquet: 6,338 → 178  (30.6 GB read, 358 MB/s)
  [591/2040] 2026-03-17_part_0000.parquet: 142,190 → 2,219  (30.7 GB read, 359 MB/s)
  [592/2040] 2026-03-07_part_0000.parquet: 50,234 → 1,067  (30.7 GB read, 360 MB/s)
  [593/2040] 2026-05-17_part_0000.parquet: 4,833 → 101  (30.7 GB read, 359 MB/s)
  [594/2040] 2026-05-12_part_0000.parquet: 9,538 → 168  (30.7 GB read, 360 MB/s)
  [595/2040] 2026-05-18_part_0000.parquet: 3,186 → 34  (30.7 GB read, 359 MB/s)
  [596/2040] 2026-02-10_part_0002.parquet: 305,248 → 3,322  (30.9 GB read, 361 MB/s)
  [597/2040] 2026-05-14_part_0000.parquet: 17,454 → 229  (30.9 GB read, 361 MB/s)
  [598/2040] 2026-05-16_part_0000.parquet: 5,990 → 165  (30.9 GB read, 361 MB/s)
  [599/2040] 2026-03-06_part_0000.parquet: 44,636 → 1,029  (30.9 GB read, 361 MB/s)
  [600/2040] 2026-05-20_part_0000.parquet: 11,836 → 1,623  (30.9 GB read, 361 MB/s)
  [601/2040] 2026-05-19_part_0000.parquet: 12,357 → 255  (30.9 GB read, 360 MB/s)
  [602/2040] 2026-05-24_part_0000.parquet: 6,868 → 248  (30.9 GB read, 357 MB/s)
  [603/2040] 2026-05-25_part_0000.parquet: 6,463 → 217  (30.9 GB read, 358 MB/s)
  [604/2040] 2026-05-23_part_0000.parquet: 11,399 → 562  (30.9 GB read, 357 MB/s)
  [605/2040] 2026-05-26_part_0000.parquet: 10,578 → 378  (30.9 GB read, 357 MB/s)
  [606/2040] 2026-05-27_part_0000.parquet: 10,880 → 687  (30.9 GB read, 357 MB/s)
  [607/2040] 2026-05-28_part_0000.parquet: 28,959 → 671  (30.9 GB read, 357 MB/s)
  [608/2040] 2026-02-10_part_0001.parquet: 304,812 → 3,099  (31.1 GB read, 358 MB/s)
  [609/2040] 2026-05-29_part_0000.parquet: 19,464 → 767  (31.1 GB read, 358 MB/s)
  [610/2040] 2026-05-30_part_0000.parquet: 17,476 → 704  (31.1 GB read, 357 MB/s)
  [611/2040] 2026-03-25_part_0000.parquet: 206,525 → 5,154  (31.2 GB read, 357 MB/s)
  [612/2040] 2026-02-25_part_0000.parquet: 126,620 → 3,208  (31.3 GB read, 358 MB/s)
  [613/2040] 2026-06-03_part_0000.parquet: 27,975 → 627  (31.3 GB read, 358 MB/s)
  [614/2040] 2026-06-08_part_0000.parquet: 8,030 → 216  (31.3 GB read, 358 MB/s)
  [615/2040] 2026-06-09_part_0000.parquet: 14,934 → 383  (31.3 GB read, 358 MB/s)
  [616/2040] 2026-06-06_part_0000.parquet: 22,482 → 828  (31.3 GB read, 358 MB/s)
  [617/2040] 2026-05-31_part_0000.parquet: 10,483 → 327  (31.3 GB read, 357 MB/s)
  [618/2040] 2026-06-07_part_0000.parquet: 10,454 → 429  (31.3 GB read, 357 MB/s)
  [619/2040] 2026-06-04_part_0000.parquet: 27,313 → 959  (31.3 GB read, 357 MB/s)
  [620/2040] 2026-02-09_part_0002.parquet: 200,524 → 260  (31.4 GB read, 357 MB/s)
  [621/2040] 2026-06-01_part_0000.parquet: 5,968 → 168  (31.4 GB read, 357 MB/s)
  [622/2040] 2026-06-10_part_0000.parquet: 20,512 → 629  (31.4 GB read, 357 MB/s)
  [623/2040] 2026-06-18_part_0000.parquet: 20,447 → 1,730  (31.4 GB read, 357 MB/s)
  [624/2040] 2026-06-20_part_0000.parquet: 25,521 → 700  (31.4 GB read, 357 MB/s)
  [625/2040] 2026-06-05_part_0000.parquet: 28,247 → 1,490  (31.5 GB read, 357 MB/s)
  [626/2040] 2026-06-17_part_0000.parquet: 33,544 → 4,087  (31.5 GB read, 357 MB/s)
  [627/2040] 2026-06-22_part_0000.parquet: 41,181 → 685  (31.5 GB read, 357 MB/s)
  [628/2040] 2026-03-09_part_0000.parquet: 31,905 → 519  (31.5 GB read, 356 MB/s)
  [629/2040] 2026-06-21_part_0000.parquet: 20,483 → 510  (31.5 GB read, 356 MB/s)
  [630/2040] 2026-06-27_part_0000.parquet: 18,940 → 500  (31.5 GB read, 355 MB/s)
  [631/2040] 2026-06-26_part_0000.parquet: 16,709 → 610  (31.5 GB read, 355 MB/s)
  [632/2040] 2026-06-29_part_0000.parquet: 4,115 → 178  (31.5 GB read, 355 MB/s)
  [633/2040] 2026-03-20_part_0000.parquet: 400,000 → 932  (31.7 GB read, 356 MB/s)
  [634/2040] 2026-06-28_part_0000.parquet: 7,076 → 335  (31.7 GB read, 356 MB/s)
  [635/2040] 2026-06-30_part_0000.parquet: 38,828 → 624  (31.7 GB read, 356 MB/s)
  [636/2040] 2026-06-24_part_0000.parquet: 40,997 → 3,771  (31.7 GB read, 355 MB/s)
  [637/2040] 2026-06-11_part_0000.parquet: 54,764 → 7,755  (31.8 GB read, 355 MB/s)
  [638/2040] 2026-06-23_part_0000.parquet: 49,655 → 1,434  (31.8 GB read, 354 MB/s)
  [639/2040] 2026-04-01_part_0000.parquet: 184,917 → 652  (31.8 GB read, 352 MB/s)
  [640/2040] 2026-03-02_part_0000.parquet: 67,641 → 1,112  (31.8 GB read, 352 MB/s)
  [641/2040] 2026-02-10_part_0000.parquet: 304,977 → 3,056  (32.0 GB read, 353 MB/s)
  [642/2040] 2026-06-12_part_0000.parquet: 14,898 → 928  (32.0 GB read, 352 MB/s)
  [643/2040] 2026-06-02_part_0000.parquet: 21,160 → 744  (32.0 GB read, 350 MB/s)
  [644/2040] 2026-06-15_part_0000.parquet: 68,717 → 9,207  (32.1 GB read, 348 MB/s)
  [645/2040] 2026-07-01_part_0003.parquet: 274,791 → 525  (32.2 GB read, 345 MB/s)
  [646/2040] 2026-06-16_part_0000.parquet: 97,815 → 23,672  (32.2 GB read, 346 MB/s)
  [647/2040] 2026-07-01_part_0009.parquet: 275,817 → 502  (32.3 GB read, 345 MB/s)
  [648/2040] 2026-06-19_part_0000.parquet: 188,707 → 7,842  (32.4 GB read, 345 MB/s)
  [649/2040] 2026-07-01_part_0001.parquet: 275,075 → 540  (32.5 GB read, 346 MB/s)
  [650/2040] 2026-07-01_part_0014.parquet: 276,044 → 545  (32.6 GB read, 346 MB/s)
  [651/2040] 2026-07-01_part_0010.parquet: 275,905 → 539  (32.6 GB read, 347 MB/s)
  [652/2040] 2026-07-01_part_0004.parquet: 275,431 → 542  (32.7 GB read, 347 MB/s)
  [653/2040] 2026-07-01_part_0006.parquet: 275,334 → 514  (32.8 GB read, 348 MB/s)
  [654/2040] 2026-07-01_part_0000.parquet: 275,893 → 505  (32.9 GB read, 348 MB/s)
  [655/2040] 2026-07-01_part_0017.parquet: 274,962 → 513  (33.0 GB read, 349 MB/s)
  [656/2040] 2026-07-01_part_0015.parquet: 276,316 → 520  (33.0 GB read, 349 MB/s)
  [657/2040] 2026-07-01_part_0023.parquet: 151,266 → 318  (33.1 GB read, 349 MB/s)
  [658/2040] 2026-07-01_part_0020.parquet: 275,338 → 531  (33.2 GB read, 350 MB/s)
  [659/2040] 2026-07-01_part_0016.parquet: 274,521 → 493  (33.2 GB read, 351 MB/s)
  [660/2040] 2026-07-01_part_0012.parquet: 151,132 → 179  (33.3 GB read, 351 MB/s)
  [661/2040] 2026-07-01_part_0019.parquet: 275,688 → 521  (33.4 GB read, 351 MB/s)
  [662/2040] 2026-07-01_part_0018.parquet: 275,349 → 524  (33.4 GB read, 352 MB/s)
  [663/2040] 2026-07-01_part_0025.parquet: 274,873 → 508  (33.5 GB read, 353 MB/s)
  [664/2040] 2026-07-01_part_0008.parquet: 276,355 → 529  (33.6 GB read, 353 MB/s)
  [665/2040] 2026-07-01_part_0021.parquet: 275,612 → 517  (33.7 GB read, 353 MB/s)
  [666/2040] 2026-05-22_part_0000.parquet: 303,880 → 12,122  (33.8 GB read, 353 MB/s)
  [667/2040] 2026-07-01_part_0028.parquet: 274,379 → 516  (33.9 GB read, 354 MB/s)
  [668/2040] 2026-07-01_part_0027.parquet: 275,437 → 497  (34.0 GB read, 354 MB/s)
  [669/2040] 2026-07-01_part_0013.parquet: 275,031 → 507  (34.1 GB read, 355 MB/s)
  [670/2040] 2026-07-01_part_0030.parquet: 275,814 → 522  (34.1 GB read, 355 MB/s)
  [671/2040] 2026-07-01_part_0005.parquet: 275,208 → 514  (34.2 GB read, 356 MB/s)
  [672/2040] 2025-11-06_part_0134.parquet: 271,225 → 8,380  (34.3 GB read, 357 MB/s)
  [673/2040] 2026-06-25_part_0000.parquet: 170,260 → 20,079  (34.5 GB read, 357 MB/s)
  [674/2040] 2026-07-01_part_0032.parquet: 275,208 → 521  (34.5 GB read, 357 MB/s)
  [675/2040] 2026-07-01_part_0024.parquet: 275,781 → 546  (34.6 GB read, 357 MB/s)
  [676/2040] 2026-07-01_part_0011.parquet: 400,000 → 886  (34.8 GB read, 358 MB/s)
  [677/2040] 2026-07-01_part_0031.parquet: 274,963 → 539  (34.8 GB read, 358 MB/s)
  [678/2040] 2026-07-01_part_0029.parquet: 276,091 → 524  (34.9 GB read, 358 MB/s)
  [679/2040] 2025-11-06_part_0118.parquet: 270,834 → 8,252  (35.0 GB read, 359 MB/s)
  [680/2040] 2026-07-01_part_0034.parquet: 275,843 → 530  (35.1 GB read, 359 MB/s)
  [681/2040] 2026-07-01_part_0007.parquet: 276,487 → 513  (35.2 GB read, 358 MB/s)
  [682/2040] 2026-07-01_part_0037.parquet: 275,454 → 572  (35.3 GB read, 356 MB/s)
  [683/2040] 2026-05-06_part_0000.parquet: 299,331 → 20,179  (35.5 GB read, 356 MB/s)
  [684/2040] 2026-07-01_part_0038.parquet: 275,045 → 499  (35.6 GB read, 356 MB/s)
  [685/2040] 2026-07-01_part_0035.parquet: 276,201 → 546  (35.7 GB read, 356 MB/s)
  [686/2040] 2026-07-01_part_0041.parquet: 275,088 → 586  (35.8 GB read, 357 MB/s)
  [687/2040] 2026-07-01_part_0042.parquet: 274,403 → 534  (35.8 GB read, 358 MB/s)
  [688/2040] 2026-02-09_part_0019.parquet: 400,000 → 593  (36.0 GB read, 359 MB/s)
  [689/2040] 2026-07-01_part_0043.parquet: 276,035 → 552  (36.1 GB read, 360 MB/s)
  [690/2040] 2026-07-01_part_0039.parquet: 274,867 → 527  (36.1 GB read, 360 MB/s)
  [691/2040] 2026-07-01_part_0046.parquet: 275,261 → 539  (36.2 GB read, 360 MB/s)
  [692/2040] 2026-07-01_part_0033.parquet: 275,036 → 531  (36.3 GB read, 360 MB/s)
  [693/2040] 2026-07-01_part_0051.parquet: 275,524 → 494  (36.4 GB read, 361 MB/s)
  [694/2040] 2026-07-01_part_0067.parquet: 151,168 → 333  (36.4 GB read, 361 MB/s)
  [695/2040] 2026-07-01_part_0045.parquet: 275,235 → 510  (36.5 GB read, 361 MB/s)
  [696/2040] 2026-07-01_part_0036.parquet: 275,422 → 527  (36.6 GB read, 362 MB/s)
  [697/2040] 2026-07-01_part_0049.parquet: 276,124 → 576  (36.7 GB read, 362 MB/s)
  [698/2040] 2026-07-01_part_0055.parquet: 274,626 → 530  (36.8 GB read, 363 MB/s)
  [699/2040] 2026-07-01_part_0050.parquet: 275,734 → 525  (36.8 GB read, 363 MB/s)
  [700/2040] 2026-07-01_part_0044.parquet: 276,266 → 582  (36.9 GB read, 363 MB/s)
  [701/2040] 2026-07-01_part_0047.parquet: 275,781 → 538  (37.0 GB read, 364 MB/s)
  [702/2040] 2026-07-01_part_0057.parquet: 275,214 → 459  (37.1 GB read, 364 MB/s)
  [703/2040] 2026-07-01_part_0048.parquet: 275,592 → 518  (37.2 GB read, 364 MB/s)
  [704/2040] 2026-07-01_part_0052.parquet: 275,009 → 516  (37.2 GB read, 365 MB/s)
  [705/2040] 2026-07-01_part_0058.parquet: 274,382 → 536  (37.3 GB read, 365 MB/s)
  [706/2040] 2026-07-01_part_0062.parquet: 275,608 → 542  (37.4 GB read, 365 MB/s)
  [707/2040] 2026-03-16_part_0000.parquet: 168,686 → 2,134  (37.5 GB read, 366 MB/s)
  [708/2040] 2026-03-27_part_0000.parquet: 197,250 → 2,542  (37.8 GB read, 368 MB/s)
  [709/2040] 2026-05-06_part_0001.parquet: 299,295 → 19,869  (38.0 GB read, 369 MB/s)
  [710/2040] 2026-07-01_part_0064.parquet: 274,878 → 489  (38.1 GB read, 370 MB/s)
  [711/2040] 2026-07-01_part_0073.parquet: 151,181 → 305  (38.2 GB read, 370 MB/s)
  [712/2040] 2026-07-01_part_0056.parquet: 275,546 → 526  (38.2 GB read, 371 MB/s)
  [713/2040] 2026-07-01_part_0061.parquet: 275,125 → 500  (38.3 GB read, 371 MB/s)
  [714/2040] 2026-07-01_part_0068.parquet: 275,679 → 554  (38.4 GB read, 371 MB/s)
  [715/2040] 2026-07-01_part_0065.parquet: 275,142 → 539  (38.5 GB read, 371 MB/s)
  [716/2040] 2026-07-01_part_0069.parquet: 275,040 → 558  (38.6 GB read, 372 MB/s)
  [717/2040] 2026-07-01_part_0053.parquet: 275,111 → 514  (38.6 GB read, 372 MB/s)
  [718/2040] 2026-07-01_part_0070.parquet: 275,905 → 560  (38.7 GB read, 371 MB/s)
  [719/2040] 2026-07-01_part_0066.parquet: 400,000 → 697  (38.8 GB read, 372 MB/s)
  [720/2040] 2026-07-01_part_0088.parquet: 150,336 → 361  (38.9 GB read, 369 MB/s)
  [721/2040] 2026-02-11_part_0000.parquet: 109,011 → 498  (39.0 GB read, 370 MB/s)
  [722/2040] 2026-07-01_part_0071.parquet: 276,001 → 546  (39.0 GB read, 370 MB/s)
  [723/2040] 2026-06-14_part_0000.parquet: 70,762 → 9,449  (39.1 GB read, 370 MB/s)
  [724/2040] 2026-07-01_part_0080.parquet: 275,129 → 554  (39.2 GB read, 369 MB/s)
  [725/2040] 2026-07-01_part_0075.parquet: 275,729 → 549  (39.3 GB read, 370 MB/s)
  [726/2040] 2026-07-01_part_0077.parquet: 274,507 → 523  (39.4 GB read, 370 MB/s)
  [727/2040] 2026-07-01_part_0059.parquet: 275,464 → 504  (39.4 GB read, 370 MB/s)
  [728/2040] 2026-07-01_part_0081.parquet: 275,550 → 506  (39.5 GB read, 371 MB/s)
  [729/2040] 2026-07-01_part_0076.parquet: 274,897 → 514  (39.6 GB read, 371 MB/s)
  [730/2040] 2026-07-01_part_0063.parquet: 275,742 → 521  (39.7 GB read, 372 MB/s)
  [731/2040] 2026-05-21_part_0008.parquet: 287,192 → 52,106  (40.0 GB read, 375 MB/s)
  [732/2040] 2026-07-01_part_0079.parquet: 275,514 → 523  (40.1 GB read, 376 MB/s)
  [733/2040] 2026-05-21_part_0000.parquet: 288,435 → 52,561  (40.5 GB read, 379 MB/s)
  [734/2040] 2026-07-01_part_0078.parquet: 274,859 → 505  (40.6 GB read, 378 MB/s)
  [735/2040] 2026-07-01_part_0086.parquet: 276,675 → 526  (40.6 GB read, 378 MB/s)
  [736/2040] 2026-07-01_part_0082.parquet: 274,637 → 503  (40.7 GB read, 378 MB/s)
  [737/2040] 2026-07-01_part_0074.parquet: 275,762 → 513  (40.8 GB read, 379 MB/s)
  [738/2040] 2026-07-01_part_0085.parquet: 275,083 → 537  (40.9 GB read, 379 MB/s)
  [739/2040] 2026-07-01_part_0093.parquet: 276,551 → 578  (41.0 GB read, 380 MB/s)
  [740/2040] 2026-07-01_part_0097.parquet: 275,753 → 542  (41.0 GB read, 380 MB/s)
  [741/2040] 2026-07-01_part_0090.parquet: 274,312 → 518  (41.1 GB read, 381 MB/s)
  [742/2040] 2026-07-01_part_0091.parquet: 274,909 → 530  (41.2 GB read, 381 MB/s)
  [743/2040] 2026-07-01_part_0072.parquet: 400,000 → 787  (41.3 GB read, 382 MB/s)
  [744/2040] 2026-05-21_part_0004.parquet: 288,577 → 52,844  (41.7 GB read, 385 MB/s)
  [745/2040] 2026-07-01_part_0092.parquet: 274,599 → 530  (41.8 GB read, 384 MB/s)
  [746/2040] 2026-07-01_part_0095.parquet: 275,518 → 505  (41.8 GB read, 385 MB/s)
  [747/2040] 2026-07-01_part_0094.parquet: 276,001 → 496  (41.9 GB read, 385 MB/s)
  [748/2040] 2026-06-13_part_0000.parquet: 268,546 → 10,053  (42.1 GB read, 386 MB/s)
  [749/2040] 2026-07-01_part_0100.parquet: 275,027 → 530  (42.1 GB read, 387 MB/s)
  [750/2040] 2026-07-01_part_0098.parquet: 275,226 → 507  (42.2 GB read, 387 MB/s)
  [751/2040] 2026-07-01_part_0104.parquet: 274,890 → 541  (42.3 GB read, 387 MB/s)
  [752/2040] 2026-07-01_part_0103.parquet: 276,028 → 527  (42.4 GB read, 388 MB/s)
  [753/2040] 2026-07-01_part_0102.parquet: 275,192 → 529  (42.5 GB read, 388 MB/s)
  [754/2040] 2026-07-01_part_0099.parquet: 275,099 → 551  (42.5 GB read, 388 MB/s)
  [755/2040] 2026-07-01_part_0101.parquet: 274,952 → 561  (42.6 GB read, 388 MB/s)
  [756/2040] 2026-07-01_part_0040.parquet: 275,676 → 549  (42.7 GB read, 389 MB/s)
  [757/2040] 2026-07-01_part_0087.parquet: 400,000 → 689  (42.8 GB read, 390 MB/s)
  [758/2040] 2026-07-01_part_0107.parquet: 274,874 → 538  (42.9 GB read, 390 MB/s)
  [759/2040] 2026-07-01_part_0122.parquet: 151,141 → 277  (42.9 GB read, 389 MB/s)
  [760/2040] 2026-07-01_part_0106.parquet: 275,287 → 533  (43.0 GB read, 390 MB/s)
  [761/2040] 2026-07-01_part_0109.parquet: 274,720 → 552  (43.1 GB read, 390 MB/s)
  [762/2040] 2026-07-01_part_0108.parquet: 275,223 → 541  (43.2 GB read, 390 MB/s)
  [763/2040] 2026-07-01_part_0110.parquet: 275,464 → 480  (43.2 GB read, 390 MB/s)
  [764/2040] 2026-05-21_part_0006.parquet: 288,214 → 53,064  (43.6 GB read, 391 MB/s)
  [765/2040] 2025-10-10_part_0096.parquet: 400,000 → 23,825  (43.8 GB read, 392 MB/s)
  [766/2040] 2026-05-21_part_0002.parquet: 287,587 → 52,737  (44.1 GB read, 394 MB/s)
  [767/2040] 2026-07-01_part_0114.parquet: 276,063 → 523  (44.2 GB read, 395 MB/s)
  [768/2040] 2026-07-01_part_0111.parquet: 275,754 → 570  (44.3 GB read, 394 MB/s)
  [769/2040] 2026-07-01_part_0113.parquet: 275,177 → 501  (44.4 GB read, 394 MB/s)
  [770/2040] 2026-07-01_part_0112.parquet: 275,468 → 546  (44.4 GB read, 395 MB/s)
  [771/2040] 2026-07-01_part_0115.parquet: 275,333 → 514  (44.5 GB read, 394 MB/s)
  [772/2040] 2026-07-01_part_0117.parquet: 275,934 → 540  (44.6 GB read, 394 MB/s)
  [773/2040] 2026-07-01_part_0120.parquet: 276,139 → 539  (44.7 GB read, 395 MB/s)
  [774/2040] 2026-07-01_part_0129.parquet: 275,775 → 572  (44.8 GB read, 393 MB/s)
  [775/2040] 2026-07-01_part_0125.parquet: 275,322 → 520  (44.8 GB read, 394 MB/s)
  [776/2040] 2026-07-01_part_0118.parquet: 276,193 → 565  (44.9 GB read, 394 MB/s)
  [777/2040] 2026-07-01_part_0124.parquet: 275,505 → 529  (45.0 GB read, 395 MB/s)
  [778/2040] 2026-07-01_part_0133.parquet: 275,945 → 546  (45.1 GB read, 395 MB/s)
  [779/2040] 2026-07-01_part_0116.parquet: 275,388 → 504  (45.2 GB read, 396 MB/s)
  [780/2040] 2026-07-01_part_0131.parquet: 275,089 → 512  (45.2 GB read, 396 MB/s)
  [781/2040] 2026-07-01_part_0126.parquet: 275,729 → 551  (45.3 GB read, 396 MB/s)
  [782/2040] 2026-07-01_part_0132.parquet: 275,579 → 497  (45.4 GB read, 396 MB/s)
  [783/2040] 2025-11-06_part_0133.parquet: 270,720 → 8,382  (45.5 GB read, 396 MB/s)
  [784/2040] 2026-07-01_part_0127.parquet: 275,426 → 549  (45.6 GB read, 397 MB/s)
  [785/2040] 2026-07-01_part_0123.parquet: 275,749 → 512  (45.7 GB read, 397 MB/s)
  [786/2040] 2026-07-01_part_0135.parquet: 275,537 → 494  (45.7 GB read, 397 MB/s)
  [787/2040] 2026-07-01_part_0140.parquet: 275,863 → 553  (45.8 GB read, 397 MB/s)
  [788/2040] 2026-05-21_part_0001.parquet: 288,368 → 52,977  (46.2 GB read, 400 MB/s)
  [789/2040] 2026-07-01_part_0119.parquet: 274,993 → 502  (46.3 GB read, 401 MB/s)
  [790/2040] 2026-07-01_part_0136.parquet: 276,054 → 510  (46.3 GB read, 402 MB/s)
  [791/2040] 2026-07-01_part_0128.parquet: 275,372 → 552  (46.4 GB read, 402 MB/s)
  [792/2040] 2026-07-01_part_0139.parquet: 275,060 → 534  (46.5 GB read, 401 MB/s)
  [793/2040] 2026-07-01_part_0144.parquet: 276,336 → 530  (46.6 GB read, 402 MB/s)
  [794/2040] 2026-07-01_part_0143.parquet: 275,359 → 558  (46.7 GB read, 402 MB/s)
  [795/2040] 2026-07-01_part_0138.parquet: 275,809 → 514  (46.7 GB read, 402 MB/s)
  [796/2040] 2026-07-01_part_0146.parquet: 275,134 → 503  (46.8 GB read, 402 MB/s)
  [797/2040] 2026-07-01_part_0148.parquet: 275,765 → 555  (46.9 GB read, 402 MB/s)
  [798/2040] 2026-07-01_part_0137.parquet: 275,364 → 532  (47.0 GB read, 403 MB/s)
  [799/2040] 2026-07-01_part_0149.parquet: 275,798 → 524  (47.1 GB read, 403 MB/s)
  [800/2040] 2026-07-01_part_0145.parquet: 275,683 → 509  (47.1 GB read, 403 MB/s)
  [801/2040] 2026-07-06_part_0000.parquet: 11,355 → 415  (47.1 GB read, 403 MB/s)
  [802/2040] 2026-07-01_part_0142.parquet: 275,132 → 534  (47.2 GB read, 403 MB/s)
  [803/2040] 2026-07-01_part_0147.parquet: 275,842 → 550  (47.3 GB read, 404 MB/s)
  [804/2040] 2026-07-03_part_0000.parquet: 40,364 → 1,360  (47.3 GB read, 403 MB/s)
  [805/2040] 2026-07-04_part_0000.parquet: 30,827 → 993  (47.3 GB read, 404 MB/s)
  [806/2040] 2026-07-12_part_0000.parquet: 16,725 → 496  (47.4 GB read, 403 MB/s)
  [807/2040] 2026-07-10_part_0000.parquet: 25,314 → 885  (47.4 GB read, 403 MB/s)
  [808/2040] 2026-07-13_part_0000.parquet: 11,742 → 482  (47.4 GB read, 402 MB/s)
  [809/2040] 2026-07-01_part_0155.parquet: 275,432 → 495  (47.5 GB read, 403 MB/s)
  [810/2040] 2026-07-11_part_0000.parquet: 23,793 → 1,140  (47.5 GB read, 403 MB/s)
  [811/2040] 2026-07-09_part_0000.parquet: 29,557 → 1,052  (47.5 GB read, 403 MB/s)
  [812/2040] 2026-07-01_part_0141.parquet: 275,122 → 517  (47.6 GB read, 402 MB/s)
  [813/2040] 2026-07-01_part_0157.parquet: 275,787 → 556  (47.7 GB read, 403 MB/s)
  [814/2040] 2026-07-01_part_0156.parquet: 275,551 → 531  (47.7 GB read, 403 MB/s)
  [815/2040] 2026-07-08_part_0000.parquet: 42,565 → 4,104  (47.8 GB read, 403 MB/s)
  [816/2040] 2026-07-01_part_0158.parquet: 275,091 → 521  (47.9 GB read, 404 MB/s)
  [817/2040] 2026-07-01_part_0121.parquet: 400,000 → 745  (48.0 GB read, 404 MB/s)
  [818/2040] 2025-11-06_part_0113.parquet: 271,361 → 8,241  (48.1 GB read, 400 MB/s)
  [819/2040] 2026-07-01_part_0159.parquet: 274,961 → 513  (48.2 GB read, 400 MB/s)
  [820/2040] 2026-07-01_part_0150.parquet: 275,199 → 530  (48.2 GB read, 401 MB/s)
  [821/2040] 2026-07-15_part_0000.parquet: 25,440 → 1,699  (48.3 GB read, 397 MB/s)
  [822/2040] 2026-07-16_part_0000.parquet: 32,218 → 1,623  (48.3 GB read, 395 MB/s)
  [823/2040] 2026-07-05_part_0000.parquet: 16,009 → 680  (48.3 GB read, 395 MB/s)
  [824/2040] 2026-07-18_part_0000.parquet: 24,877 → 1,024  (48.3 GB read, 394 MB/s)
  [825/2040] 2026-07-19_part_0000.parquet: 20,996 → 808  (48.3 GB read, 394 MB/s)
  [826/2040] 2026-07-14_part_0000.parquet: 274,688 → 2,708  (48.4 GB read, 394 MB/s)
  [827/2040] 2026-07-01_part_0060.parquet: 276,469 → 517  (48.5 GB read, 394 MB/s)
  [828/2040] 2026-07-14_part_0024.parquet: 149,103 → 1,588  (48.5 GB read, 394 MB/s)
  [829/2040] 2026-07-14_part_0003.parquet: 275,797 → 2,565  (48.6 GB read, 394 MB/s)
  [830/2040] 2026-07-20_part_0000.parquet: 15,364 → 731  (48.6 GB read, 392 MB/s)
  [831/2040] 2026-07-14_part_0005.parquet: 275,614 → 2,621  (48.7 GB read, 392 MB/s)
  [832/2040] 2026-07-14_part_0004.parquet: 274,432 → 2,658  (48.8 GB read, 393 MB/s)
  [833/2040] 2026-07-14_part_0014.parquet: 274,317 → 2,665  (48.9 GB read, 392 MB/s)
  [834/2040] 2026-07-02_part_0003.parquet: 383,384 → 2,435  (49.1 GB read, 394 MB/s)
  [835/2040] 2026-07-14_part_0009.parquet: 273,802 → 2,751  (49.2 GB read, 394 MB/s)
  [836/2040] 2026-07-14_part_0002.parquet: 273,690 → 2,610  (49.2 GB read, 394 MB/s)
  [837/2040] 2026-07-22_part_0000.parquet: 44,566 → 2,066  (49.3 GB read, 394 MB/s)
  [838/2040] 2026-07-14_part_0011.parquet: 273,384 → 2,544  (49.4 GB read, 395 MB/s)
  [839/2040] 2026-07-14_part_0010.parquet: 274,603 → 2,546  (49.4 GB read, 396 MB/s)
  [840/2040] 2026-07-14_part_0017.parquet: 274,231 → 2,503  (49.5 GB read, 395 MB/s)
  [841/2040] 2026-07-14_part_0008.parquet: 274,735 → 2,538  (49.6 GB read, 396 MB/s)
  [842/2040] 2026-07-14_part_0016.parquet: 275,111 → 2,670  (49.7 GB read, 396 MB/s)
  [843/2040] 2026-07-14_part_0006.parquet: 273,879 → 2,632  (49.8 GB read, 397 MB/s)
  [844/2040] 2026-07-14_part_0013.parquet: 274,744 → 2,647  (49.8 GB read, 397 MB/s)
  [845/2040] 2026-07-02_part_0002.parquet: 384,198 → 2,312  (50.0 GB read, 398 MB/s)
  [846/2040] 2026-07-01_part_0002.parquet: 275,040 → 557  (50.1 GB read, 399 MB/s)
  [847/2040] 2026-05-21_part_0009.parquet: 288,817 → 52,765  (50.5 GB read, 401 MB/s)
  [848/2040] 2026-07-02_part_0007.parquet: 383,013 → 2,387  (50.7 GB read, 402 MB/s)
  [849/2040] 2026-07-14_part_0018.parquet: 275,116 → 2,565  (50.8 GB read, 403 MB/s)
  [850/2040] 2026-07-14_part_0020.parquet: 275,566 → 2,635  (50.8 GB read, 403 MB/s)
  [851/2040] 2026-07-24_part_0000.parquet: 36,703 → 1,629  (50.9 GB read, 404 MB/s)
  [852/2040] 2026-07-01_part_0054.parquet: 275,741 → 514  (50.9 GB read, 404 MB/s)
  [853/2040] 2026-07-02_part_0004.parquet: 382,920 → 2,365  (51.1 GB read, 405 MB/s)
  [854/2040] 2026-07-14_part_0019.parquet: 274,216 → 2,681  (51.2 GB read, 406 MB/s)
  [855/2040] 2026-07-25_part_0000.parquet: 59,451 → 2,201  (51.3 GB read, 406 MB/s)
  [856/2040] 2026-07-26_part_0000.parquet: 27,052 → 743  (51.3 GB read, 405 MB/s)
  [857/2040] 2026-07-14_part_0022.parquet: 274,279 → 2,619  (51.4 GB read, 406 MB/s)
  [858/2040] 2026-07-02_part_0005.parquet: 383,742 → 2,301  (51.5 GB read, 405 MB/s)
  [859/2040] 2026-07-02_part_0008.parquet: 383,415 → 2,348  (51.7 GB read, 405 MB/s)
  [860/2040] 2026-07-27_part_0000.parquet: 111,262 → 4,840  (51.8 GB read, 405 MB/s)
  [861/2040] 2026-05-21_part_0005.parquet: 287,622 → 52,619  (52.2 GB read, 406 MB/s)
  [862/2040] 2026-07-01_part_0096.parquet: 273,930 → 546  (52.2 GB read, 404 MB/s)
  [863/2040] 2026-07-01_part_0105.parquet: 275,287 → 527  (52.3 GB read, 404 MB/s)
  [864/2040] 2026-07-14_part_0007.parquet: 275,245 → 2,664  (52.4 GB read, 405 MB/s)
  [865/2040] 2026-07-01_part_0084.parquet: 274,766 → 535  (52.5 GB read, 405 MB/s)
  [866/2040] 2026-07-07_part_0000.parquet: 342,411 → 14,411  (52.7 GB read, 406 MB/s)
  [867/2040] 2026-07-14_part_0023.parquet: 400,000 → 3,758  (52.8 GB read, 405 MB/s)
  [868/2040] 2026-07-01_part_0022.parquet: 400,000 → 723  (52.9 GB read, 402 MB/s)
  [869/2040] 2026-07-01_part_0026.parquet: 275,744 → 501  (53.0 GB read, 402 MB/s)
  [870/2040] 2026-07-02_part_0009.parquet: 382,700 → 2,324  (53.2 GB read, 403 MB/s)
  [871/2040] 2026-05-21_part_0003.parquet: 288,352 → 52,877  (53.5 GB read, 406 MB/s)
  [872/2040] 2026-07-01_part_0089.parquet: 275,514 → 537  (53.6 GB read, 406 MB/s)
  [873/2040] 2026-07-21_part_0000.parquet: 27,776 → 995  (53.6 GB read, 403 MB/s)
  [874/2040] 2026-07-23_part_0000.parquet: 268,980 → 17,449  (53.8 GB read, 403 MB/s)
  [875/2040] 2026-07-28_part_0009.parquet: 232,750 → 8,668  (53.9 GB read, 403 MB/s)
  [876/2040] 2026-07-01_part_0130.parquet: 275,268 → 561  (54.0 GB read, 403 MB/s)
  [877/2040] 2026-07-17_part_0000.parquet: 67,385 → 3,223  (54.0 GB read, 401 MB/s)
  [878/2040] 2026-03-20_part_0001.parquet: 388,727 → 933  (54.2 GB read, 401 MB/s)
  [879/2040] 2026-07-28_part_0001.parquet: 317,751 → 13,994  (54.3 GB read, 399 MB/s)
  [880/2040] 2026-07-28_part_0000.parquet: 316,048 → 14,182  (54.5 GB read, 399 MB/s)
  [881/2040] 2026-07-28_part_0003.parquet: 316,139 → 13,976  (54.6 GB read, 400 MB/s)
  [882/2040] 2026-07-01_part_0153.parquet: 275,171 → 501  (54.7 GB read, 400 MB/s)
  [883/2040] 2026-07-28_part_0013.parquet: 315,744 → 13,894  (54.9 GB read, 401 MB/s)
  [884/2040] 2026-07-28_part_0004.parquet: 316,885 → 13,862  (55.0 GB read, 402 MB/s)
  [885/2040] 2026-07-28_part_0010.parquet: 317,095 → 14,126  (55.2 GB read, 403 MB/s)
  [886/2040] 2026-07-28_part_0006.parquet: 316,096 → 14,013  (55.4 GB read, 404 MB/s)
  [887/2040] 2026-07-28_part_0002.parquet: 315,566 → 13,839  (55.5 GB read, 405 MB/s)
  [888/2040] 2026-07-28_part_0012.parquet: 316,765 → 14,074  (55.7 GB read, 406 MB/s)
  [889/2040] 2026-07-28_part_0005.parquet: 316,916 → 14,063  (55.8 GB read, 407 MB/s)
  [890/2040] 2026-07-28_part_0018.parquet: 316,281 → 13,794  (56.0 GB read, 407 MB/s)
  [891/2040] 2026-07-28_part_0016.parquet: 315,796 → 14,048  (56.2 GB read, 408 MB/s)
  [892/2040] 2026-07-01_part_0083.parquet: 275,633 → 546  (56.2 GB read, 408 MB/s)
  [893/2040] 2026-07-23_part_0002.parquet: 268,563 → 17,322  (56.4 GB read, 409 MB/s)
  [894/2040] 2026-07-28_part_0015.parquet: 316,276 → 13,948  (56.6 GB read, 410 MB/s)
  [895/2040] 2026-07-28_part_0011.parquet: 315,541 → 14,024  (56.7 GB read, 411 MB/s)
  [896/2040] 2026-07-28_part_0024.parquet: 316,690 → 14,051  (56.9 GB read, 412 MB/s)
  [897/2040] 2026-07-28_part_0007.parquet: 316,071 → 14,188  (57.0 GB read, 413 MB/s)
  [898/2040] 2026-07-28_part_0014.parquet: 316,287 → 13,965  (57.2 GB read, 413 MB/s)
  [899/2040] 2026-07-28_part_0021.parquet: 317,197 → 13,862  (57.4 GB read, 415 MB/s)
  [900/2040] 2026-07-02_part_0001.parquet: 382,189 → 2,466  (57.6 GB read, 415 MB/s)
  [901/2040] 2026-07-28_part_0022.parquet: 316,330 → 13,986  (57.7 GB read, 416 MB/s)
  [902/2040] 2026-07-28_part_0019.parquet: 316,829 → 14,117  (57.9 GB read, 417 MB/s)
  [903/2040] 2026-07-28_part_0017.parquet: 316,728 → 14,070  (58.0 GB read, 418 MB/s)
  [904/2040] 2026-07-28_part_0023.parquet: 317,064 → 14,200  (58.2 GB read, 419 MB/s)
  [905/2040] 2026-07-14_part_0015.parquet: 274,735 → 2,651  (58.3 GB read, 418 MB/s)
  [906/2040] 2026-07-31_part_0001.parquet: 27,306 → 4,590  (58.3 GB read, 416 MB/s)
  [907/2040] 2026-07-28_part_0008.parquet: 400,000 → 19,417  (58.5 GB read, 416 MB/s)
  [908/2040] 2026-07-31_part_0003.parquet: 26,349 → 4,847  (58.5 GB read, 416 MB/s)
  [909/2040] 2026-08-04_part_0001.parquet: 33,651 → 1,045  (58.6 GB read, 416 MB/s)
  [910/2040] 2026-08-04_part_0003.parquet: 34,359 → 799  (58.6 GB read, 414 MB/s)
  [911/2040] 2026-08-02_part_0000.parquet: 43,956 → 2,182  (58.6 GB read, 414 MB/s)
  [912/2040] 2026-08-04_part_0007.parquet: 34,190 → 1,100  (58.6 GB read, 413 MB/s)
  [913/2040] 2026-07-31_part_0005.parquet: 26,553 → 3,971  (58.7 GB read, 413 MB/s)
  [914/2040] 2026-08-04_part_0005.parquet: 34,446 → 1,057  (58.7 GB read, 413 MB/s)
  [915/2040] 2026-07-01_part_0152.parquet: 275,772 → 557  (58.7 GB read, 413 MB/s)
  [916/2040] 2026-08-04_part_0009.parquet: 33,232 → 419  (58.8 GB read, 410 MB/s)
  [917/2040] 2026-08-04_part_0011.parquet: 32,948 → 515  (58.8 GB read, 410 MB/s)
  [918/2040] 2026-07-14_part_0012.parquet: 274,410 → 2,687  (58.9 GB read, 410 MB/s)
  [919/2040] 2026-07-01_part_0134.parquet: 275,118 → 524  (58.9 GB read, 410 MB/s)
  [920/2040] 2026-08-04_part_0013.parquet: 33,678 → 524  (58.9 GB read, 409 MB/s)
  [921/2040] 2026-08-04_part_0015.parquet: 32,783 → 605  (59.0 GB read, 408 MB/s)
  [922/2040] 2026-07-29_part_0008.parquet: 218,199 → 40,071  (59.1 GB read, 409 MB/s)
  [923/2040] 2026-08-04_part_0017.parquet: 33,451 → 574  (59.1 GB read, 408 MB/s)
  [924/2040] 2026-07-01_part_0151.parquet: 276,392 → 519  (59.2 GB read, 408 MB/s)
  [925/2040] 2026-07-29_part_0001.parquet: 309,386 → 56,679  (59.4 GB read, 410 MB/s)
  [926/2040] 2026-08-04_part_0019.parquet: 33,826 → 681  (59.5 GB read, 408 MB/s)
  [927/2040] 2026-07-29_part_0004.parquet: 308,839 → 56,755  (59.7 GB read, 409 MB/s)
  [928/2040] 2026-07-29_part_0003.parquet: 310,237 → 56,801  (59.9 GB read, 410 MB/s)
  [929/2040] 2026-07-29_part_0000.parquet: 309,988 → 56,916  (60.1 GB read, 411 MB/s)
  [930/2040] 2026-07-29_part_0005.parquet: 308,868 → 56,758  (60.4 GB read, 411 MB/s)
  [931/2040] 2026-08-05_part_0001.parquet: 43,955 → 6,371  (60.4 GB read, 411 MB/s)
  [932/2040] 2026-08-03_part_0000.parquet: 118,541 → 5,496  (60.5 GB read, 411 MB/s)
  [933/2040] 2026-07-29_part_0006.parquet: 309,516 → 56,413  (60.7 GB read, 412 MB/s)
  [934/2040] 2026-07-30_part_0003.parquet: 155,386 → 17,286  (60.8 GB read, 413 MB/s)
  [935/2040] 2026-07-29_part_0011.parquet: 309,779 → 56,981  (61.1 GB read, 414 MB/s)
  [936/2040] 2026-07-30_part_0005.parquet: 154,755 → 17,815  (61.2 GB read, 414 MB/s)
  [937/2040] 2026-07-29_part_0002.parquet: 309,905 → 56,764  (61.4 GB read, 414 MB/s)
  [938/2040] 2026-07-30_part_0001.parquet: 154,570 → 16,214  (61.5 GB read, 414 MB/s)
  [939/2040] 2026-07-02_part_0006.parquet: 383,017 → 2,308  (61.7 GB read, 415 MB/s)
  [940/2040] 2026-07-29_part_0010.parquet: 308,380 → 57,201  (62.0 GB read, 415 MB/s)
  [941/2040] 2026-07-29_part_0009.parquet: 310,134 → 56,913  (62.2 GB read, 416 MB/s)
  [942/2040] 2026-07-29_part_0012.parquet: 309,122 → 56,875  (62.4 GB read, 415 MB/s)
  [943/2040] 2026-07-29_part_0014.parquet: 310,387 → 57,142  (62.6 GB read, 416 MB/s)
  [944/2040] 2026-07-14_part_0001.parquet: 274,957 → 2,700  (62.7 GB read, 417 MB/s)
  [945/2040] 2026-07-01_part_0154.parquet: 276,207 → 482  (62.8 GB read, 416 MB/s)
  [946/2040] 2026-07-29_part_0015.parquet: 310,191 → 56,750  (63.0 GB read, 415 MB/s)
  [947/2040] 2026-07-29_part_0019.parquet: 308,680 → 57,008  (63.3 GB read, 414 MB/s)
  [948/2040] 2026-07-29_part_0018.parquet: 309,592 → 56,640  (63.5 GB read, 415 MB/s)
  [949/2040] 2026-08-01_part_0001.parquet: 301,773 → 26,220  (63.7 GB read, 416 MB/s)
  [950/2040] 2026-08-04_part_0002.parquet: 400,000 → 8,009  (63.9 GB read, 417 MB/s)
  [951/2040] 2026-07-29_part_0017.parquet: 309,425 → 57,274  (64.1 GB read, 418 MB/s)
  [952/2040] 2026-08-04_part_0000.parquet: 400,000 → 7,571  (64.3 GB read, 419 MB/s)
  [953/2040] 2026-07-29_part_0022.parquet: 309,384 → 57,163  (64.5 GB read, 420 MB/s)
  [954/2040] 2026-08-04_part_0004.parquet: 400,000 → 7,721  (64.6 GB read, 419 MB/s)
  [955/2040] 2026-08-13_part_0000.parquet: 301,250 → 356  (64.7 GB read, 419 MB/s)
  [956/2040] 2026-07-29_part_0020.parquet: 309,459 → 57,105  (64.9 GB read, 420 MB/s)
  [957/2040] 2026-08-01_part_0000.parquet: 301,700 → 26,360  (65.1 GB read, 421 MB/s)
  [958/2040] 2026-07-29_part_0013.parquet: 309,740 → 56,808  (65.3 GB read, 422 MB/s)
  [959/2040] 2026-08-12_part_0001.parquet: 241,878 → 5,030  (65.4 GB read, 422 MB/s)
  [960/2040] 2026-08-04_part_0008.parquet: 400,000 → 8,199  (65.5 GB read, 423 MB/s)
  [961/2040] 2026-08-04_part_0010.parquet: 400,000 → 8,329  (65.7 GB read, 424 MB/s)
  [962/2040] 2026-08-13_part_0001.parquet: 300,424 → 380  (65.7 GB read, 424 MB/s)
  [963/2040] 2026-07-29_part_0023.parquet: 309,364 → 56,459  (66.0 GB read, 425 MB/s)
  [964/2040] 2026-07-29_part_0024.parquet: 309,867 → 57,171  (66.2 GB read, 425 MB/s)
  [965/2040] 2026-07-29_part_0007.parquet: 400,000 → 73,584  (66.5 GB read, 426 MB/s)
  [966/2040] 2026-08-04_part_0014.parquet: 400,000 → 8,252  (66.6 GB read, 427 MB/s)
  [967/2040] 2026-08-12_part_0005.parquet: 241,740 → 4,388  (66.7 GB read, 427 MB/s)
  [968/2040] 2026-08-04_part_0012.parquet: 400,000 → 8,219  (66.9 GB read, 428 MB/s)
  [969/2040] 2026-08-13_part_0005.parquet: 301,087 → 347  (66.9 GB read, 428 MB/s)
  [970/2040] 2026-08-13_part_0008.parquet: 201,079 → 189  (66.9 GB read, 428 MB/s)
  [971/2040] 2026-08-12_part_0000.parquet: 400,000 → 8,414  (67.0 GB read, 428 MB/s)
  [972/2040] 2026-08-04_part_0016.parquet: 400,000 → 8,097  (67.2 GB read, 429 MB/s)
  [973/2040] 2026-08-13_part_0003.parquet: 300,824 → 370  (67.2 GB read, 429 MB/s)
  [974/2040] 2026-08-12_part_0003.parquet: 241,872 → 7,151  (67.3 GB read, 429 MB/s)
  [975/2040] 2026-08-04_part_0018.parquet: 400,000 → 7,915  (67.4 GB read, 430 MB/s)
  [976/2040] 2026-08-10_part_0000.parquet: 142,226 → 12,548  (67.5 GB read, 430 MB/s)
  [977/2040] 2026-08-13_part_0006.parquet: 301,329 → 350  (67.6 GB read, 430 MB/s)
  [978/2040] 2026-08-13_part_0002.parquet: 300,847 → 378  (67.6 GB read, 430 MB/s)
  [979/2040] 2026-08-12_part_0004.parquet: 400,000 → 9,176  (67.7 GB read, 430 MB/s)
  [980/2040] 2026-08-13_part_0009.parquet: 301,578 → 355  (67.7 GB read, 430 MB/s)
  [981/2040] 2026-08-04_part_0006.parquet: 400,000 → 7,732  (67.9 GB read, 431 MB/s)
  [982/2040] 2026-08-13_part_0012.parquet: 301,168 → 332  (67.9 GB read, 431 MB/s)
  [983/2040] 2026-05-21_part_0007.parquet: 288,553 → 52,582  (68.2 GB read, 433 MB/s)
  [984/2040] 2026-08-13_part_0016.parquet: 300,740 → 322  (68.3 GB read, 433 MB/s)
  [985/2040] 2026-08-13_part_0004.parquet: 300,442 → 351  (68.3 GB read, 432 MB/s)
  [986/2040] 2026-08-13_part_0014.parquet: 300,947 → 346  (68.3 GB read, 432 MB/s)
  [987/2040] 2026-07-14_part_0021.parquet: 274,890 → 2,683  (68.4 GB read, 433 MB/s)
  [988/2040] 2026-08-13_part_0011.parquet: 301,268 → 379  (68.4 GB read, 432 MB/s)
  [989/2040] 2026-08-11_part_0005.parquet: 200,721 → 11,110  (68.6 GB read, 431 MB/s)
  [990/2040] 2026-08-13_part_0020.parquet: 301,229 → 321  (68.6 GB read, 431 MB/s)
  [991/2040] 2026-08-13_part_0013.parquet: 301,959 → 342  (68.6 GB read, 431 MB/s)
  [992/2040] 2026-08-13_part_0025.parquet: 301,171 → 343  (68.7 GB read, 431 MB/s)
  [993/2040] 2026-08-13_part_0019.parquet: 301,320 → 351  (68.7 GB read, 431 MB/s)
  [994/2040] 2026-08-13_part_0017.parquet: 301,950 → 346  (68.7 GB read, 431 MB/s)
  [995/2040] 2026-08-12_part_0002.parquet: 400,000 → 6,392  (68.8 GB read, 431 MB/s)
  [996/2040] 2026-08-13_part_0010.parquet: 300,893 → 355  (68.8 GB read, 431 MB/s)
  [997/2040] 2026-08-13_part_0027.parquet: 301,095 → 338  (68.8 GB read, 431 MB/s)
  [998/2040] 2026-08-13_part_0026.parquet: 301,658 → 363  (68.9 GB read, 431 MB/s)
  [999/2040] 2026-08-13_part_0015.parquet: 301,042 → 335  (68.9 GB read, 431 MB/s)
  [1000/2040] 2026-08-13_part_0021.parquet: 301,099 → 356  (68.9 GB read, 431 MB/s)
  [1001/2040] 2026-08-13_part_0031.parquet: 300,865 → 352  (68.9 GB read, 431 MB/s)
  [1002/2040] 2026-08-13_part_0030.parquet: 301,145 → 338  (69.0 GB read, 431 MB/s)
  [1003/2040] 2026-08-13_part_0018.parquet: 300,257 → 322  (69.0 GB read, 431 MB/s)
  [1004/2040] 2026-08-13_part_0034.parquet: 300,244 → 361  (69.0 GB read, 431 MB/s)
  [1005/2040] 2026-08-13_part_0033.parquet: 301,770 → 334  (69.0 GB read, 431 MB/s)
  [1006/2040] 2026-08-13_part_0036.parquet: 300,885 → 350  (69.1 GB read, 430 MB/s)
  [1007/2040] 2026-08-13_part_0035.parquet: 300,901 → 336  (69.1 GB read, 430 MB/s)
  [1008/2040] 2026-08-13_part_0023.parquet: 300,456 → 338  (69.1 GB read, 430 MB/s)
  [1009/2040] 2026-08-13_part_0039.parquet: 300,781 → 334  (69.2 GB read, 430 MB/s)
  [1010/2040] 2026-08-13_part_0007.parquet: 400,000 → 473  (69.2 GB read, 430 MB/s)
  [1011/2040] 2026-08-13_part_0024.parquet: 300,522 → 331  (69.2 GB read, 430 MB/s)
  [1012/2040] 2026-08-13_part_0038.parquet: 301,259 → 374  (69.2 GB read, 430 MB/s)
  [1013/2040] 2026-08-13_part_0040.parquet: 301,252 → 343  (69.3 GB read, 430 MB/s)
  [1014/2040] 2026-08-13_part_0029.parquet: 300,471 → 348  (69.3 GB read, 430 MB/s)
  [1015/2040] 2026-08-13_part_0042.parquet: 301,507 → 356  (69.3 GB read, 430 MB/s)
  [1016/2040] 2026-08-13_part_0028.parquet: 301,299 → 353  (69.3 GB read, 430 MB/s)
  [1017/2040] 2026-08-13_part_0032.parquet: 300,041 → 327  (69.4 GB read, 428 MB/s)
  [1018/2040] 2026-08-13_part_0022.parquet: 300,079 → 336  (69.4 GB read, 427 MB/s)
  [1019/2040] 2026-08-13_part_0045.parquet: 301,305 → 355  (69.4 GB read, 427 MB/s)
  [1020/2040] 2026-08-13_part_0050.parquet: 200,999 → 157  (69.4 GB read, 426 MB/s)
  [1021/2040] 2026-08-13_part_0047.parquet: 301,452 → 343  (69.5 GB read, 426 MB/s)
  [1022/2040] 2026-08-13_part_0041.parquet: 301,070 → 340  (69.5 GB read, 426 MB/s)
  [1023/2040] 2026-08-13_part_0043.parquet: 300,468 → 368  (69.5 GB read, 427 MB/s)
  [1024/2040] 2026-08-13_part_0051.parquet: 301,479 → 374  (69.5 GB read, 427 MB/s)
  [1025/2040] 2026-08-13_part_0044.parquet: 301,393 → 351  (69.6 GB read, 427 MB/s)
  [1026/2040] 2026-08-13_part_0060.parquet: 300,604 → 359  (69.6 GB read, 426 MB/s)
  [1027/2040] 2026-08-13_part_0054.parquet: 300,451 → 355  (69.6 GB read, 426 MB/s)
  [1028/2040] 2026-08-13_part_0046.parquet: 301,403 → 353  (69.7 GB read, 426 MB/s)
  [1029/2040] 2026-08-13_part_0062.parquet: 301,876 → 377  (69.7 GB read, 426 MB/s)
  [1030/2040] 2026-08-13_part_0061.parquet: 300,526 → 339  (69.7 GB read, 425 MB/s)
  [1031/2040] 2026-08-13_part_0063.parquet: 300,467 → 358  (69.7 GB read, 426 MB/s)
  [1032/2040] 2026-08-13_part_0058.parquet: 202,210 → 297  (69.7 GB read, 426 MB/s)
  [1033/2040] 2026-08-09_part_0000.parquet: 270,904 → 20,601  (70.0 GB read, 427 MB/s)
  [1034/2040] 2026-08-13_part_0067.parquet: 300,605 → 359  (70.0 GB read, 427 MB/s)
  [1035/2040] 2026-08-13_part_0064.parquet: 300,909 → 360  (70.0 GB read, 427 MB/s)
  [1036/2040] 2026-08-13_part_0069.parquet: 301,009 → 369  (70.1 GB read, 427 MB/s)
  [1037/2040] 2026-08-13_part_0053.parquet: 300,614 → 334  (70.1 GB read, 426 MB/s)
  [1038/2040] 2026-08-13_part_0049.parquet: 400,000 → 541  (70.1 GB read, 426 MB/s)
  [1039/2040] 2026-08-13_part_0071.parquet: 301,899 → 358  (70.2 GB read, 426 MB/s)
  [1040/2040] 2026-08-13_part_0059.parquet: 300,281 → 361  (70.2 GB read, 426 MB/s)
  [1041/2040] 2026-08-13_part_0052.parquet: 300,118 → 340  (70.2 GB read, 426 MB/s)
  [1042/2040] 2026-08-13_part_0056.parquet: 300,616 → 378  (70.2 GB read, 426 MB/s)
  [1043/2040] 2026-08-13_part_0055.parquet: 301,171 → 355  (70.3 GB read, 426 MB/s)
  [1044/2040] 2026-08-08_part_0000.parquet: 342,175 → 20,408  (70.6 GB read, 427 MB/s)
  [1045/2040] 2026-08-13_part_0073.parquet: 302,109 → 363  (70.6 GB read, 427 MB/s)
  [1046/2040] 2026-08-13_part_0057.parquet: 400,000 → 437  (70.7 GB read, 427 MB/s)
  [1047/2040] 2026-08-13_part_0066.parquet: 301,103 → 372  (70.7 GB read, 427 MB/s)
  [1048/2040] 2026-08-11_part_0000.parquet: 400,000 → 21,613  (71.0 GB read, 429 MB/s)
  [1049/2040] 2026-08-13_part_0074.parquet: 301,227 → 371  (71.0 GB read, 428 MB/s)
  [1050/2040] 2026-08-13_part_0077.parquet: 301,106 → 353  (71.1 GB read, 428 MB/s)
  [1051/2040] 2026-08-13_part_0075.parquet: 300,206 → 343  (71.1 GB read, 428 MB/s)
  [1052/2040] 2026-07-30_part_0000.parquet: 400,000 → 47,110  (71.5 GB read, 430 MB/s)
  [1053/2040] 2026-08-13_part_0068.parquet: 300,834 → 412  (71.5 GB read, 430 MB/s)
  [1054/2040] 2026-08-13_part_0072.parquet: 300,737 → 357  (71.5 GB read, 429 MB/s)
  [1055/2040] 2026-08-13_part_0081.parquet: 300,894 → 347  (71.5 GB read, 429 MB/s)
  [1056/2040] 2026-08-13_part_0080.parquet: 300,612 → 330  (71.6 GB read, 429 MB/s)
  [1057/2040] 2026-08-13_part_0082.parquet: 300,915 → 356  (71.6 GB read, 429 MB/s)
  [1058/2040] 2026-08-13_part_0088.parquet: 302,094 → 337  (71.6 GB read, 429 MB/s)
  [1059/2040] 2026-08-08_part_0001.parquet: 342,701 → 20,691  (72.0 GB read, 431 MB/s)
  [1060/2040] 2026-08-13_part_0089.parquet: 301,344 → 379  (72.0 GB read, 431 MB/s)
  [1061/2040] 2026-08-13_part_0085.parquet: 301,131 → 353  (72.0 GB read, 431 MB/s)
  [1062/2040] 2026-08-13_part_0086.parquet: 301,767 → 327  (72.1 GB read, 431 MB/s)
  [1063/2040] 2026-08-08_part_0005.parquet: 342,733 → 20,686  (72.4 GB read, 433 MB/s)
  [1064/2040] 2026-07-31_part_0000.parquet: 400,000 → 61,085  (72.8 GB read, 435 MB/s)
  [1065/2040] 2026-08-13_part_0070.parquet: 301,068 → 320  (72.9 GB read, 435 MB/s)
  [1066/2040] 2026-08-08_part_0004.parquet: 342,285 → 20,354  (73.2 GB read, 437 MB/s)
  [1067/2040] 2026-08-13_part_0092.parquet: 301,788 → 364  (73.2 GB read, 437 MB/s)
  [1068/2040] 2026-08-08_part_0008.parquet: 341,805 → 20,693  (73.6 GB read, 439 MB/s)
  [1069/2040] 2026-08-08_part_0003.parquet: 342,418 → 20,690  (74.0 GB read, 441 MB/s)
  [1070/2040] 2026-08-13_part_0094.parquet: 301,708 → 339  (74.0 GB read, 442 MB/s)
  [1071/2040] 2026-08-13_part_0078.parquet: 301,701 → 367  (74.0 GB read, 442 MB/s)
  [1072/2040] 2026-08-13_part_0076.parquet: 301,210 → 344  (74.0 GB read, 442 MB/s)
  [1073/2040] 2026-08-13_part_0093.parquet: 301,409 → 344  (74.1 GB read, 442 MB/s)
  [1074/2040] 2026-08-13_part_0079.parquet: 301,353 → 373  (74.1 GB read, 441 MB/s)
  [1075/2040] 2026-08-13_part_0065.parquet: 300,967 → 353  (74.1 GB read, 442 MB/s)
  [1076/2040] 2026-08-13_part_0095.parquet: 300,755 → 367  (74.2 GB read, 442 MB/s)
  [1077/2040] 2026-08-08_part_0006.parquet: 341,458 → 20,485  (74.5 GB read, 444 MB/s)
  [1078/2040] 2026-08-13_part_0084.parquet: 301,135 → 310  (74.5 GB read, 444 MB/s)
  [1079/2040] 2026-08-13_part_0096.parquet: 300,629 → 347  (74.6 GB read, 444 MB/s)
  [1080/2040] 2026-08-13_part_0083.parquet: 301,277 → 342  (74.6 GB read, 443 MB/s)
  [1081/2040] 2026-08-13_part_0091.parquet: 301,727 → 352  (74.6 GB read, 443 MB/s)
  [1082/2040] 2026-08-11_part_0004.parquet: 400,000 → 24,082  (74.9 GB read, 444 MB/s)
  [1083/2040] 2026-08-13_part_0100.parquet: 300,880 → 351  (74.9 GB read, 444 MB/s)
  [1084/2040] 2026-08-13_part_0101.parquet: 300,996 → 340  (75.0 GB read, 444 MB/s)
  [1085/2040] 2026-08-13_part_0090.parquet: 300,960 → 328  (75.0 GB read, 445 MB/s)
  [1086/2040] 2026-08-08_part_0007.parquet: 342,506 → 20,442  (75.4 GB read, 447 MB/s)
  [1087/2040] 2026-08-13_part_0103.parquet: 300,386 → 341  (75.4 GB read, 447 MB/s)
  [1088/2040] 2026-08-13_part_0104.parquet: 300,858 → 352  (75.4 GB read, 446 MB/s)
  [1089/2040] 2026-08-13_part_0106.parquet: 202,402 → 381  (75.4 GB read, 446 MB/s)
  [1090/2040] 2026-08-13_part_0087.parquet: 301,155 → 355  (75.5 GB read, 446 MB/s)
  [1091/2040] 2026-07-31_part_0004.parquet: 400,000 → 62,158  (75.9 GB read, 448 MB/s)
  [1092/2040] 2026-08-13_part_0102.parquet: 301,030 → 356  (75.9 GB read, 448 MB/s)
  [1093/2040] 2026-08-13_part_0111.parquet: 200,747 → 305  (75.9 GB read, 448 MB/s)
  [1094/2040] 2026-08-13_part_0097.parquet: 301,703 → 352  (75.9 GB read, 448 MB/s)
  [1095/2040] 2026-08-13_part_0098.parquet: 300,736 → 398  (76.0 GB read, 448 MB/s)
  [1096/2040] 2026-08-13_part_0099.parquet: 301,264 → 351  (76.0 GB read, 447 MB/s)
  [1097/2040] 2026-08-13_part_0114.parquet: 301,145 → 370  (76.0 GB read, 448 MB/s)
  [1098/2040] 2026-08-13_part_0112.parquet: 300,765 → 314  (76.0 GB read, 447 MB/s)
  [1099/2040] 2026-08-13_part_0115.parquet: 300,527 → 335  (76.1 GB read, 447 MB/s)
  [1100/2040] 2026-08-13_part_0117.parquet: 301,288 → 361  (76.1 GB read, 447 MB/s)
  [1101/2040] 2026-08-08_part_0002.parquet: 342,487 → 20,529  (76.5 GB read, 448 MB/s)
  [1102/2040] 2026-08-13_part_0116.parquet: 300,702 → 336  (76.5 GB read, 448 MB/s)
  [1103/2040] 2026-08-13_part_0121.parquet: 300,375 → 339  (76.5 GB read, 448 MB/s)
  [1104/2040] 2026-08-13_part_0122.parquet: 301,425 → 356  (76.5 GB read, 448 MB/s)
  [1105/2040] 2026-08-13_part_0118.parquet: 300,213 → 335  (76.6 GB read, 449 MB/s)
  [1106/2040] 2026-08-13_part_0124.parquet: 300,953 → 337  (76.6 GB read, 449 MB/s)
  [1107/2040] 2026-08-13_part_0119.parquet: 301,077 → 324  (76.6 GB read, 449 MB/s)
  [1108/2040] 2026-08-13_part_0108.parquet: 300,974 → 367  (76.6 GB read, 449 MB/s)
  [1109/2040] 2026-07-31_part_0002.parquet: 400,000 → 60,968  (77.1 GB read, 451 MB/s)
  [1110/2040] 2026-08-13_part_0126.parquet: 301,076 → 366  (77.1 GB read, 451 MB/s)
  [1111/2040] 2026-08-13_part_0125.parquet: 301,904 → 340  (77.1 GB read, 451 MB/s)
  [1112/2040] 2026-08-05_part_0000.parquet: 400,000 → 60,861  (77.5 GB read, 453 MB/s)
  [1113/2040] 2026-08-13_part_0120.parquet: 300,842 → 391  (77.5 GB read, 453 MB/s)
  [1114/2040] 2026-08-13_part_0105.parquet: 400,000 → 319  (77.5 GB read, 453 MB/s)
  [1115/2040] 2026-08-13_part_0131.parquet: 301,146 → 375  (77.5 GB read, 453 MB/s)
  [1116/2040] 2026-08-13_part_0109.parquet: 301,565 → 384  (77.6 GB read, 453 MB/s)
  [1117/2040] 2026-08-13_part_0107.parquet: 300,703 → 354  (77.6 GB read, 453 MB/s)
  [1118/2040] 2026-08-13_part_0127.parquet: 301,789 → 378  (77.6 GB read, 453 MB/s)
  [1119/2040] 2026-08-13_part_0129.parquet: 301,587 → 335  (77.7 GB read, 453 MB/s)
  [1120/2040] 2026-08-13_part_0133.parquet: 301,117 → 378  (77.7 GB read, 453 MB/s)
  [1121/2040] 2026-08-13_part_0136.parquet: 301,600 → 358  (77.7 GB read, 453 MB/s)
  [1122/2040] 2026-08-06_part_0000.parquet: 358,643 → 54,533  (78.0 GB read, 455 MB/s)
  [1123/2040] 2026-08-13_part_0135.parquet: 300,839 → 336  (78.1 GB read, 455 MB/s)
  [1124/2040] 2026-08-13_part_0139.parquet: 301,218 → 371  (78.1 GB read, 455 MB/s)
  [1125/2040] 2026-08-13_part_0110.parquet: 400,000 → 395  (78.1 GB read, 455 MB/s)
  [1126/2040] 2026-08-13_part_0037.parquet: 301,087 → 336  (78.1 GB read, 455 MB/s)
  [1127/2040] 2026-08-13_part_0113.parquet: 300,648 → 345  (78.2 GB read, 455 MB/s)
  [1128/2040] 2026-08-13_part_0137.parquet: 300,692 → 342  (78.2 GB read, 455 MB/s)
  [1129/2040] 2026-08-13_part_0146.parquet: 203,167 → 285  (78.2 GB read, 455 MB/s)
  [1130/2040] 2026-08-13_part_0132.parquet: 300,965 → 343  (78.2 GB read, 455 MB/s)
  [1131/2040] 2026-08-13_part_0123.parquet: 301,202 → 346  (78.3 GB read, 455 MB/s)
  [1132/2040] 2026-08-13_part_0143.parquet: 300,601 → 359  (78.3 GB read, 455 MB/s)
  [1133/2040] 2026-08-13_part_0134.parquet: 300,789 → 327  (78.3 GB read, 455 MB/s)
  [1134/2040] 2026-08-13_part_0144.parquet: 301,210 → 335  (78.3 GB read, 455 MB/s)
  [1135/2040] 2026-08-13_part_0142.parquet: 301,112 → 350  (78.4 GB read, 454 MB/s)
  [1136/2040] 2026-08-13_part_0128.parquet: 300,874 → 378  (78.4 GB read, 454 MB/s)
  [1137/2040] 2026-08-08_part_0009.parquet: 342,217 → 20,398  (78.8 GB read, 456 MB/s)
  [1138/2040] 2026-08-13_part_0150.parquet: 301,445 → 365  (78.8 GB read, 456 MB/s)
  [1139/2040] 2026-08-01_part_0002.parquet: 301,634 → 26,245  (79.0 GB read, 457 MB/s)
  [1140/2040] 2026-08-13_part_0154.parquet: 301,406 → 364  (79.0 GB read, 457 MB/s)
  [1141/2040] 2026-08-13_part_0147.parquet: 301,001 → 359  (79.0 GB read, 457 MB/s)
  [1142/2040] 2026-08-13_part_0138.parquet: 300,863 → 349  (79.1 GB read, 457 MB/s)
  [1143/2040] 2026-08-13_part_0048.parquet: 300,249 → 339  (79.1 GB read, 457 MB/s)
  [1144/2040] 2026-08-13_part_0130.parquet: 301,291 → 366  (79.1 GB read, 457 MB/s)
  [1145/2040] 2026-08-13_part_0140.parquet: 301,284 → 337  (79.1 GB read, 456 MB/s)
  [1146/2040] 2026-08-13_part_0157.parquet: 202,244 → 193  (79.2 GB read, 455 MB/s)
  [1147/2040] 2026-08-13_part_0159.parquet: 300,380 → 374  (79.2 GB read, 455 MB/s)
  [1148/2040] 2026-08-13_part_0158.parquet: 301,543 → 370  (79.2 GB read, 455 MB/s)
  [1149/2040] 2026-08-13_part_0153.parquet: 301,082 → 318  (79.2 GB read, 455 MB/s)
  [1150/2040] 2026-08-13_part_0148.parquet: 301,163 → 388  (79.3 GB read, 455 MB/s)
  [1151/2040] 2026-08-13_part_0152.parquet: 301,778 → 339  (79.3 GB read, 455 MB/s)
  [1152/2040] 2026-08-13_part_0149.parquet: 301,371 → 337  (79.3 GB read, 455 MB/s)
  [1153/2040] 2026-08-13_part_0145.parquet: 400,000 → 434  (79.4 GB read, 455 MB/s)
  [1154/2040] 2026-08-13_part_0155.parquet: 301,062 → 358  (79.4 GB read, 454 MB/s)
  [1155/2040] 2026-08-13_part_0141.parquet: 301,190 → 355  (79.4 GB read, 454 MB/s)
  [1156/2040] 2026-08-13_part_0156.parquet: 400,000 → 470  (79.4 GB read, 452 MB/s)
  [1157/2040] 2026-08-13_part_0151.parquet: 300,743 → 379  (79.5 GB read, 451 MB/s)
  [1158/2040] 2026-05-06_part_0002.parquet: 298,946 → 19,992  (79.7 GB read, 448 MB/s)
  [1159/2040] 2026-08-14_part_0001.parquet: 172,759 → 5,718  (79.8 GB read, 447 MB/s)
  [1160/2040] 2026-07-02_part_0000.parquet: 382,375 → 2,402  (80.0 GB read, 440 MB/s)
  [1161/2040] 2026-08-11_part_0003.parquet: 199,825 → 10,537  (80.2 GB read, 434 MB/s)
  [1162/2040] 2026-08-15_part_0000.parquet: 316,136 → 37,332  (80.4 GB read, 430 MB/s)
  [1163/2040] 2026-08-15_part_0006.parquet: 316,303 → 37,509  (80.6 GB read, 430 MB/s)
  [1164/2040] 2026-08-15_part_0002.parquet: 315,358 → 37,566  (80.8 GB read, 429 MB/s)
  [1165/2040] 2026-08-15_part_0008.parquet: 315,878 → 37,279  (81.0 GB read, 430 MB/s)
  [1166/2040] 2026-08-15_part_0003.parquet: 315,770 → 36,999  (81.2 GB read, 430 MB/s)
  [1167/2040] 2026-08-11_part_0001.parquet: 200,428 → 13,024  (81.3 GB read, 430 MB/s)
  [1168/2040] 2026-08-16_part_0000.parquet: 369,583 → 14,059  (81.6 GB read, 431 MB/s)
  [1169/2040] 2026-08-19_part_0000.parquet: 268,398 → 20,881  (81.9 GB read, 432 MB/s)
  [1170/2040] 2026-08-15_part_0009.parquet: 317,290 → 37,500  (82.1 GB read, 433 MB/s)
  [1171/2040] 2026-08-15_part_0005.parquet: 316,427 → 37,180  (82.3 GB read, 434 MB/s)
  [1172/2040] 2026-08-15_part_0004.parquet: 315,398 → 37,376  (82.5 GB read, 434 MB/s)
  [1173/2040] 2026-08-15_part_0001.parquet: 316,867 → 37,665  (82.7 GB read, 435 MB/s)
  [1174/2040] 2026-08-19_part_0001.parquet: 268,836 → 20,756  (83.0 GB read, 436 MB/s)
  [1175/2040] 2026-08-19_part_0002.parquet: 268,554 → 20,639  (83.2 GB read, 437 MB/s)
  [1176/2040] 2026-08-18_part_0008.parquet: 366,748 → 26,923  (83.5 GB read, 435 MB/s)
  [1177/2040] 2026-08-14_part_0000.parquet: 400,000 → 17,735  (83.8 GB read, 436 MB/s)
  [1178/2040] 2026-08-18_part_0007.parquet: 367,781 → 27,212  (84.1 GB read, 438 MB/s)
  [1179/2040] 2026-08-18_part_0003.parquet: 366,563 → 27,105  (84.4 GB read, 439 MB/s)
  [1180/2040] 2026-08-18_part_0009.parquet: 367,264 → 26,933  (84.6 GB read, 440 MB/s)
  [1181/2040] 2026-08-18_part_0004.parquet: 367,108 → 27,019  (84.9 GB read, 442 MB/s)
  [1182/2040] 2026-08-18_part_0005.parquet: 367,338 → 27,088  (85.2 GB read, 442 MB/s)
  [1183/2040] 2026-07-23_part_0001.parquet: 268,980 → 17,485  (85.4 GB read, 443 MB/s)
  [1184/2040] 2026-08-18_part_0006.parquet: 366,776 → 26,821  (85.7 GB read, 444 MB/s)
  [1185/2040] 2026-08-18_part_0000.parquet: 366,992 → 26,614  (86.0 GB read, 445 MB/s)
  [1186/2040] 2026-08-15_part_0007.parquet: 316,625 → 37,577  (86.2 GB read, 446 MB/s)
  [1187/2040] 2026-08-18_part_0002.parquet: 368,271 → 27,083  (86.5 GB read, 445 MB/s)
  [1188/2040] 2026-08-21_part_0001.parquet: 379,964 → 24,156  (86.8 GB read, 445 MB/s)
  [1189/2040] 2026-08-21_part_0013.parquet: 377,558 → 23,593  (87.1 GB read, 446 MB/s)
  [1190/2040] 2026-08-21_part_0011.parquet: 378,687 → 22,833  (87.4 GB read, 447 MB/s)
  [1191/2040] 2026-08-21_part_0006.parquet: 400,000 → 24,686  (87.7 GB read, 447 MB/s)
  [1192/2040] 2026-08-21_part_0003.parquet: 379,567 → 23,547  (88.0 GB read, 449 MB/s)
  [1193/2040] 2026-08-21_part_0015.parquet: 379,627 → 23,573  (88.3 GB read, 449 MB/s)
  [1194/2040] 2026-08-21_part_0007.parquet: 378,901 → 23,988  (88.6 GB read, 451 MB/s)
  [1195/2040] 2026-08-21_part_0017.parquet: 380,074 → 23,399  (88.9 GB read, 452 MB/s)
  [1196/2040] 2026-07-30_part_0002.parquet: 400,000 → 46,225  (89.3 GB read, 453 MB/s)
  [1197/2040] 2026-08-21_part_0014.parquet: 400,000 → 25,298  (89.6 GB read, 454 MB/s)
  [1198/2040] 2026-08-21_part_0023.parquet: 380,087 → 22,269  (89.9 GB read, 456 MB/s)
  [1199/2040] 2026-08-18_part_0001.parquet: 367,107 → 26,937  (90.2 GB read, 456 MB/s)
  [1200/2040] 2026-08-21_part_0018.parquet: 400,000 → 25,294  (90.5 GB read, 456 MB/s)
  [1201/2040] 2026-08-21_part_0021.parquet: 380,053 → 23,729  (90.8 GB read, 457 MB/s)
  [1202/2040] 2026-08-21_part_0009.parquet: 379,118 → 23,537  (91.1 GB read, 458 MB/s)
  [1203/2040] 2026-08-21_part_0012.parquet: 400,000 → 25,165  (91.4 GB read, 459 MB/s)
  [1204/2040] 2026-08-21_part_0025.parquet: 380,371 → 22,663  (91.7 GB read, 461 MB/s)
  [1205/2040] 2026-08-21_part_0024.parquet: 400,000 → 26,147  (92.0 GB read, 462 MB/s)
  [1206/2040] 2026-08-21_part_0004.parquet: 400,000 → 24,776  (92.3 GB read, 463 MB/s)
  [1207/2040] 2026-08-21_part_0019.parquet: 380,971 → 23,529  (92.6 GB read, 464 MB/s)
  [1208/2040] 2026-08-21_part_0016.parquet: 400,000 → 25,212  (92.9 GB read, 463 MB/s)
  [1209/2040] 2026-08-21_part_0020.parquet: 400,000 → 25,116  (93.3 GB read, 465 MB/s)
  [1210/2040] 2026-08-21_part_0022.parquet: 400,000 → 26,121  (93.6 GB read, 466 MB/s)
  [1211/2040] 2026-08-21_part_0002.parquet: 400,000 → 25,007  (93.9 GB read, 467 MB/s)
  [1212/2040] 2026-08-21_part_0027.parquet: 377,429 → 24,035  (94.2 GB read, 467 MB/s)
  [1213/2040] 2026-07-28_part_0020.parquet: 317,519 → 13,952  (94.4 GB read, 462 MB/s)
  [1214/2040] 2026-08-21_part_0028.parquet: 400,000 → 25,017  (94.7 GB read, 460 MB/s)
  [1215/2040] 2026-08-21_part_0029.parquet: 378,347 → 24,167  (95.0 GB read, 457 MB/s)
  [1216/2040] 2026-08-21_part_0033.parquet: 379,220 → 23,718  (95.3 GB read, 452 MB/s)
  [1217/2040] 2026-08-21_part_0032.parquet: 400,000 → 25,035  (95.6 GB read, 452 MB/s)
  [1218/2040] 2026-08-21_part_0030.parquet: 400,000 → 25,774  (95.9 GB read, 454 MB/s)
  [1219/2040] 2026-08-21_part_0008.parquet: 400,000 → 25,105  (96.2 GB read, 455 MB/s)
  [1220/2040] 2026-08-21_part_0039.parquet: 378,735 → 24,466  (96.5 GB read, 456 MB/s)
  [1221/2040] 2026-08-21_part_0036.parquet: 400,000 → 23,681  (96.8 GB read, 456 MB/s)
  [1222/2040] 2026-08-21_part_0031.parquet: 379,997 → 22,934  (97.1 GB read, 456 MB/s)
  [1223/2040] 2026-08-21_part_0037.parquet: 380,049 → 24,879  (97.4 GB read, 457 MB/s)
  [1224/2040] 2026-08-21_part_0041.parquet: 378,917 → 23,508  (97.7 GB read, 458 MB/s)
  [1225/2040] 2026-08-21_part_0045.parquet: 378,861 → 23,902  (98.0 GB read, 459 MB/s)
  [1226/2040] 2026-08-21_part_0042.parquet: 400,000 → 23,609  (98.3 GB read, 459 MB/s)
  [1227/2040] 2026-08-21_part_0038.parquet: 400,000 → 24,784  (98.7 GB read, 461 MB/s)
  [1228/2040] 2026-08-21_part_0046.parquet: 400,000 → 23,997  (99.0 GB read, 462 MB/s)
  [1229/2040] 2026-08-21_part_0053.parquet: 378,107 → 22,876  (99.3 GB read, 463 MB/s)
  [1230/2040] 2026-08-21_part_0049.parquet: 379,793 → 23,604  (99.6 GB read, 462 MB/s)
  [1231/2040] 2026-08-21_part_0055.parquet: 379,148 → 25,099  (99.9 GB read, 463 MB/s)
  [1232/2040] 2026-08-21_part_0034.parquet: 400,000 → 24,880  (100.2 GB read, 464 MB/s)
  [1233/2040] 2026-08-21_part_0048.parquet: 400,000 → 25,594  (100.5 GB read, 465 MB/s)
  [1234/2040] 2026-08-21_part_0047.parquet: 380,265 → 24,750  (100.8 GB read, 465 MB/s)
  [1235/2040] 2026-08-21_part_0059.parquet: 381,801 → 22,995  (101.1 GB read, 465 MB/s)
  [1236/2040] 2026-08-21_part_0054.parquet: 400,000 → 23,325  (101.4 GB read, 466 MB/s)
  [1237/2040] 2026-08-21_part_0056.parquet: 400,000 → 23,574  (101.7 GB read, 467 MB/s)
  [1238/2040] 2026-08-21_part_0062.parquet: 400,000 → 22,868  (102.0 GB read, 467 MB/s)
  [1239/2040] 2026-08-11_part_0002.parquet: 400,000 → 23,860  (102.3 GB read, 469 MB/s)
  [1240/2040] 2026-08-21_part_0051.parquet: 380,470 → 22,920  (102.6 GB read, 469 MB/s)
  [1241/2040] 2026-08-21_part_0063.parquet: 379,416 → 26,065  (103.0 GB read, 468 MB/s)
  [1242/2040] 2026-07-29_part_0016.parquet: 309,904 → 56,857  (103.2 GB read, 469 MB/s)
  [1243/2040] 2026-08-21_part_0060.parquet: 400,000 → 24,494  (103.5 GB read, 470 MB/s)
  [1244/2040] 2026-08-21_part_0061.parquet: 378,756 → 24,052  (103.8 GB read, 471 MB/s)
  [1245/2040] 2026-08-21_part_0057.parquet: 380,065 → 25,740  (104.1 GB read, 472 MB/s)
  [1246/2040] 2026-08-21_part_0065.parquet: 377,284 → 23,197  (104.4 GB read, 473 MB/s)
  [1247/2040] 2026-08-21_part_0066.parquet: 400,000 → 25,702  (104.7 GB read, 473 MB/s)
  [1248/2040] 2026-08-21_part_0064.parquet: 400,000 → 25,712  (105.0 GB read, 474 MB/s)
  [1249/2040] 2026-08-21_part_0069.parquet: 379,376 → 22,908  (105.3 GB read, 475 MB/s)
  [1250/2040] 2026-08-21_part_0067.parquet: 379,703 → 23,500  (105.6 GB read, 476 MB/s)
  [1251/2040] 2026-08-21_part_0077.parquet: 378,841 → 23,357  (105.9 GB read, 476 MB/s)
  [1252/2040] 2026-08-21_part_0058.parquet: 400,000 → 26,251  (106.3 GB read, 478 MB/s)
  [1253/2040] 2026-08-21_part_0079.parquet: 378,991 → 21,917  (106.6 GB read, 479 MB/s)
  [1254/2040] 2026-08-21_part_0073.parquet: 379,956 → 23,539  (106.9 GB read, 480 MB/s)
  [1255/2040] 2026-08-21_part_0071.parquet: 380,269 → 25,158  (107.2 GB read, 481 MB/s)
  [1256/2040] 2026-08-21_part_0074.parquet: 400,000 → 24,193  (107.5 GB read, 482 MB/s)
  [1257/2040] 2026-08-21_part_0075.parquet: 379,338 → 24,682  (107.8 GB read, 484 MB/s)
  [1258/2040] 2026-08-21_part_0078.parquet: 400,000 → 26,890  (108.1 GB read, 484 MB/s)
  [1259/2040] 2026-08-21_part_0070.parquet: 400,000 → 23,340  (108.4 GB read, 485 MB/s)
  [1260/2040] 2026-08-21_part_0050.parquet: 400,000 → 25,733  (108.7 GB read, 486 MB/s)
  [1261/2040] 2026-08-21_part_0068.parquet: 400,000 → 25,799  (109.0 GB read, 486 MB/s)
  [1262/2040] 2026-08-26_part_0003.parquet: 1,514 → 147  (109.0 GB read, 485 MB/s)
  [1263/2040] 2026-08-26_part_0001.parquet: 2,430 → 258  (109.0 GB read, 485 MB/s)
  [1264/2040] 2026-08-26_part_0005.parquet: 2,625 → 93  (109.0 GB read, 484 MB/s)
  [1265/2040] 2026-08-21_part_0076.parquet: 400,000 → 25,716  (109.4 GB read, 485 MB/s)
  [1266/2040] 2026-08-26_part_0009.parquet: 357 → 0  (109.4 GB read, 483 MB/s)
  [1267/2040] 2026-08-26_part_0007.parquet: 2,847 → 54  (109.4 GB read, 483 MB/s)
  [1268/2040] 2026-08-23_part_0001.parquet: 104,806 → 12,018  (109.5 GB read, 482 MB/s)
  [1269/2040] 2026-08-26_part_0011.parquet: 2,144 → 145  (109.5 GB read, 482 MB/s)
  [1270/2040] 2026-08-21_part_0081.parquet: 379,242 → 22,939  (109.8 GB read, 483 MB/s)
  [1271/2040] 2026-08-26_part_0013.parquet: 1,505 → 253  (109.8 GB read, 481 MB/s)
  [1272/2040] 2026-08-23_part_0005.parquet: 105,088 → 11,046  (109.9 GB read, 482 MB/s)
  [1273/2040] 2026-08-21_part_0083.parquet: 379,349 → 23,365  (110.2 GB read, 483 MB/s)
  [1274/2040] 2026-08-26_part_0015.parquet: 2,788 → 1  (110.2 GB read, 481 MB/s)
  [1275/2040] 2026-08-26_part_0017.parquet: 1,760 → 120  (110.2 GB read, 481 MB/s)
  [1276/2040] 2026-08-21_part_0080.parquet: 400,000 → 25,764  (110.6 GB read, 482 MB/s)
  [1277/2040] 2026-08-23_part_0003.parquet: 103,864 → 14,103  (110.7 GB read, 482 MB/s)
  [1278/2040] 2026-08-26_part_0019.parquet: 2,307 → 19  (110.7 GB read, 481 MB/s)
  [1279/2040] 2026-08-21_part_0082.parquet: 400,000 → 25,992  (111.0 GB read, 481 MB/s)
  [1280/2040] 2026-08-26_part_0021.parquet: 2,087 → 98  (111.0 GB read, 481 MB/s)
  [1281/2040] 2026-07-29_part_0021.parquet: 308,734 → 57,080  (111.2 GB read, 482 MB/s)
  [1282/2040] 2026-08-26_part_0023.parquet: 2,627 → 273  (111.2 GB read, 481 MB/s)
  [1283/2040] 2026-08-26_part_0025.parquet: 2,868 → 193  (111.2 GB read, 479 MB/s)
  [1284/2040] 2026-08-26_part_0027.parquet: 3,391 → 337  (111.2 GB read, 478 MB/s)
  [1285/2040] 2026-08-21_part_0084.parquet: 400,000 → 26,088  (111.6 GB read, 479 MB/s)
  [1286/2040] 2026-08-26_part_0029.parquet: 2,937 → 1  (111.6 GB read, 478 MB/s)
  [1287/2040] 2026-08-21_part_0085.parquet: 380,706 → 23,203  (111.9 GB read, 479 MB/s)
  [1288/2040] 2026-08-26_part_0031.parquet: 1,260 → 190  (111.9 GB read, 477 MB/s)
  [1289/2040] 2026-08-26_part_0033.parquet: 2,051 → 0  (111.9 GB read, 476 MB/s)
  [1290/2040] 2026-08-21_part_0087.parquet: 378,371 → 23,294  (112.2 GB read, 477 MB/s)
  [1291/2040] 2026-08-21_part_0091.parquet: 379,356 → 23,303  (112.5 GB read, 478 MB/s)
  [1292/2040] 2026-08-21_part_0089.parquet: 378,890 → 23,174  (112.7 GB read, 479 MB/s)
  [1293/2040] 2026-08-21_part_0093.parquet: 379,532 → 24,514  (113.1 GB read, 479 MB/s)
  [1294/2040] 2026-08-21_part_0026.parquet: 400,000 → 25,113  (113.4 GB read, 480 MB/s)
  [1295/2040] 2026-08-26_part_0035.parquet: 1,843 → 10  (113.4 GB read, 480 MB/s)
  [1296/2040] 2026-08-21_part_0092.parquet: 400,000 → 24,146  (113.7 GB read, 481 MB/s)
  [1297/2040] 2026-08-21_part_0088.parquet: 400,000 → 25,939  (114.0 GB read, 482 MB/s)
  [1298/2040] 2026-08-26_part_0037.parquet: 1,983 → 0  (114.0 GB read, 481 MB/s)
  [1299/2040] 2026-08-26_part_0039.parquet: 2,701 → 0  (114.0 GB read, 480 MB/s)
  [1300/2040] 2026-08-21_part_0097.parquet: 378,457 → 22,178  (114.3 GB read, 481 MB/s)
  [1301/2040] 2026-08-25_part_0000.parquet: 340,950 → 19,002  (114.6 GB read, 481 MB/s)
  [1302/2040] 2026-08-21_part_0086.parquet: 400,000 → 25,640  (114.9 GB read, 483 MB/s)
  [1303/2040] 2026-08-26_part_0041.parquet: 2,268 → 188  (114.9 GB read, 483 MB/s)
  [1304/2040] 2026-08-26_part_0043.parquet: 2,672 → 188  (114.9 GB read, 482 MB/s)
  [1305/2040] 2026-08-21_part_0090.parquet: 400,000 → 25,754  (115.2 GB read, 484 MB/s)
  [1306/2040] 2026-08-26_part_0002.parquet: 400,000 → 17,787  (115.5 GB read, 484 MB/s)
  [1307/2040] 2026-08-26_part_0000.parquet: 400,000 → 17,900  (115.7 GB read, 484 MB/s)
  [1308/2040] 2026-08-25_part_0002.parquet: 340,512 → 19,059  (116.0 GB read, 485 MB/s)
  [1309/2040] 2026-08-26_part_0045.parquet: 2,001 → 0  (116.0 GB read, 485 MB/s)
  [1310/2040] 2026-08-26_part_0047.parquet: 1,543 → 55  (116.0 GB read, 484 MB/s)
  [1311/2040] 2026-08-25_part_0005.parquet: 341,388 → 19,110  (116.2 GB read, 485 MB/s)
  [1312/2040] 2026-08-26_part_0049.parquet: 1,635 → 0  (116.2 GB read, 485 MB/s)
  [1313/2040] 2026-08-22_part_0002.parquet: 287,284 → 32,050  (116.6 GB read, 486 MB/s)
  [1314/2040] 2026-08-25_part_0008.parquet: 340,863 → 18,710  (116.9 GB read, 487 MB/s)
  [1315/2040] 2026-07-30_part_0004.parquet: 400,000 → 45,935  (117.2 GB read, 488 MB/s)
  [1316/2040] 2026-08-25_part_0003.parquet: 339,376 → 18,983  (117.5 GB read, 489 MB/s)
  [1317/2040] 2026-08-26_part_0051.parquet: 1,795 → 260  (117.5 GB read, 489 MB/s)
  [1318/2040] 2026-08-26_part_0008.parquet: 400,000 → 17,997  (117.7 GB read, 489 MB/s)
  [1319/2040] 2026-08-26_part_0010.parquet: 400,000 → 18,179  (118.0 GB read, 490 MB/s)
  [1320/2040] 2026-08-26_part_0004.parquet: 400,000 → 18,347  (118.2 GB read, 491 MB/s)
  [1321/2040] 2026-08-26_part_0053.parquet: 2,369 → 0  (118.2 GB read, 491 MB/s)
  [1322/2040] 2026-08-25_part_0007.parquet: 340,968 → 18,963  (118.5 GB read, 492 MB/s)
  [1323/2040] 2026-08-26_part_0006.parquet: 400,000 → 18,180  (118.7 GB read, 493 MB/s)
  [1324/2040] 2026-08-26_part_0055.parquet: 2,060 → 220  (118.7 GB read, 493 MB/s)
  [1325/2040] 2026-08-21_part_0094.parquet: 400,000 → 24,861  (119.0 GB read, 494 MB/s)
  [1326/2040] 2026-08-26_part_0057.parquet: 1,488 → 96  (119.0 GB read, 493 MB/s)
  [1327/2040] 2026-08-21_part_0040.parquet: 400,000 → 25,705  (119.4 GB read, 495 MB/s)
  [1328/2040] 2026-08-25_part_0001.parquet: 340,816 → 19,054  (119.6 GB read, 495 MB/s)
  [1329/2040] 2026-08-25_part_0004.parquet: 340,449 → 18,992  (119.9 GB read, 496 MB/s)
  [1330/2040] 2026-08-25_part_0009.parquet: 341,128 → 18,989  (120.2 GB read, 497 MB/s)
  [1331/2040] 2026-08-26_part_0059.parquet: 1,440 → 0  (120.2 GB read, 497 MB/s)
  [1332/2040] 2026-08-26_part_0061.parquet: 2,756 → 0  (120.2 GB read, 497 MB/s)
  [1333/2040] 2026-08-21_part_0095.parquet: 379,697 → 24,094  (120.5 GB read, 498 MB/s)
  [1334/2040] 2026-08-26_part_0063.parquet: 1,445 → 137  (120.5 GB read, 498 MB/s)
  [1335/2040] 2026-08-26_part_0012.parquet: 400,000 → 18,009  (120.7 GB read, 498 MB/s)
  [1336/2040] 2026-08-26_part_0014.parquet: 400,000 → 18,272  (120.9 GB read, 499 MB/s)
  [1337/2040] 2026-08-26_part_0065.parquet: 1,471 → 26  (120.9 GB read, 499 MB/s)
  [1338/2040] 2026-08-21_part_0098.parquet: 400,000 → 25,986  (121.3 GB read, 500 MB/s)
  [1339/2040] 2026-08-26_part_0067.parquet: 1,494 → 171  (121.3 GB read, 500 MB/s)
  [1340/2040] 2026-08-26_part_0069.parquet: 1,712 → 253  (121.3 GB read, 499 MB/s)
  [1341/2040] 2026-08-26_part_0071.parquet: 2,343 → 0  (121.3 GB read, 499 MB/s)
  [1342/2040] 2026-08-21_part_0096.parquet: 400,000 → 26,191  (121.6 GB read, 501 MB/s)
  [1343/2040] 2026-08-24_part_0000.parquet: 293,709 → 31,431  (122.0 GB read, 502 MB/s)
  [1344/2040] 2026-08-25_part_0006.parquet: 342,156 → 18,849  (122.2 GB read, 503 MB/s)
  [1345/2040] 2026-08-26_part_0073.parquet: 1,577 → 0  (122.2 GB read, 503 MB/s)
  [1346/2040] 2026-08-22_part_0000.parquet: 287,667 → 32,083  (122.6 GB read, 504 MB/s)
  [1347/2040] 2026-08-26_part_0075.parquet: 1,540 → 113  (122.6 GB read, 503 MB/s)
  [1348/2040] 2026-08-26_part_0079.parquet: 1,636 → 222  (122.6 GB read, 503 MB/s)
  [1349/2040] 2026-08-26_part_0016.parquet: 400,000 → 17,957  (122.8 GB read, 504 MB/s)
  [1350/2040] 2026-08-26_part_0081.parquet: 1,305 → 0  (122.8 GB read, 504 MB/s)
  [1351/2040] 2026-08-26_part_0077.parquet: 3,151 → 93  (122.8 GB read, 504 MB/s)
  [1352/2040] 2026-08-26_part_0083.parquet: 1,765 → 0  (122.8 GB read, 503 MB/s)
  [1353/2040] 2026-08-26_part_0085.parquet: 1,735 → 56  (122.8 GB read, 502 MB/s)
  [1354/2040] 2026-08-26_part_0087.parquet: 2,716 → 370  (122.8 GB read, 502 MB/s)
  [1355/2040] 2026-08-26_part_0018.parquet: 400,000 → 18,243  (123.1 GB read, 502 MB/s)
  [1356/2040] 2026-08-26_part_0089.parquet: 2,099 → 181  (123.1 GB read, 502 MB/s)
  [1357/2040] 2026-08-26_part_0091.parquet: 1,858 → 123  (123.1 GB read, 502 MB/s)
  [1358/2040] 2026-08-26_part_0095.parquet: 1,063 → 198  (123.1 GB read, 501 MB/s)
  [1359/2040] 2026-08-26_part_0093.parquet: 2,784 → 77  (123.1 GB read, 501 MB/s)
  [1360/2040] 2026-08-26_part_0097.parquet: 2,460 → 174  (123.1 GB read, 501 MB/s)
  [1361/2040] 2026-08-26_part_0099.parquet: 2,624 → 455  (123.1 GB read, 500 MB/s)
  [1362/2040] 2026-08-24_part_0001.parquet: 294,975 → 31,630  (123.4 GB read, 501 MB/s)
  [1363/2040] 2026-08-26_part_0022.parquet: 400,000 → 17,856  (123.7 GB read, 502 MB/s)
  [1364/2040] 2026-08-26_part_0028.parquet: 400,000 → 18,388  (123.9 GB read, 502 MB/s)
  [1365/2040] 2026-08-26_part_0026.parquet: 400,000 → 17,968  (124.1 GB read, 501 MB/s)
  [1366/2040] 2026-08-26_part_0024.parquet: 400,000 → 17,829  (124.4 GB read, 502 MB/s)
  [1367/2040] 2026-08-26_part_0032.parquet: 400,000 → 18,243  (124.6 GB read, 499 MB/s)
  [1368/2040] 2026-08-26_part_0036.parquet: 400,000 → 18,260  (124.8 GB read, 498 MB/s)
  [1369/2040] 2026-08-24_part_0002.parquet: 295,117 → 31,314  (125.2 GB read, 499 MB/s)
  [1370/2040] 2026-08-26_part_0038.parquet: 400,000 → 18,053  (125.4 GB read, 499 MB/s)
  [1371/2040] 2026-08-26_part_0034.parquet: 400,000 → 18,194  (125.7 GB read, 497 MB/s)
  [1372/2040] 2026-08-26_part_0042.parquet: 400,000 → 18,089  (125.9 GB read, 498 MB/s)
  [1373/2040] 2026-08-26_part_0046.parquet: 400,000 → 17,941  (126.1 GB read, 498 MB/s)
  [1374/2040] 2026-08-26_part_0044.parquet: 400,000 → 18,067  (126.4 GB read, 498 MB/s)
  [1375/2040] 2026-08-26_part_0048.parquet: 400,000 → 18,210  (126.6 GB read, 498 MB/s)
  [1376/2040] 2026-08-27_part_0003.parquet: 274,371 → 8,616  (126.8 GB read, 497 MB/s)
  [1377/2040] 2026-08-27_part_0001.parquet: 275,566 → 8,453  (126.9 GB read, 497 MB/s)
  [1378/2040] 2026-08-26_part_0050.parquet: 400,000 → 18,130  (127.2 GB read, 498 MB/s)
  [1379/2040] 2026-08-26_part_0056.parquet: 400,000 → 18,191  (127.4 GB read, 498 MB/s)
  [1380/2040] 2026-08-26_part_0040.parquet: 400,000 → 18,098  (127.6 GB read, 499 MB/s)
  [1381/2040] 2026-08-26_part_0054.parquet: 400,000 → 17,916  (127.9 GB read, 499 MB/s)
  [1382/2040] 2026-08-27_part_0004.parquet: 276,079 → 8,736  (128.0 GB read, 500 MB/s)
  [1383/2040] 2026-08-26_part_0062.parquet: 400,000 → 18,201  (128.2 GB read, 500 MB/s)
  [1384/2040] 2026-08-26_part_0072.parquet: 400,000 → 17,992  (128.5 GB read, 500 MB/s)
  [1385/2040] 2026-08-27_part_0007.parquet: 275,311 → 8,546  (128.6 GB read, 501 MB/s)
  [1386/2040] 2026-08-21_part_0005.parquet: 380,155 → 24,126  (128.9 GB read, 502 MB/s)
  [1387/2040] 2026-08-26_part_0064.parquet: 400,000 → 17,951  (129.2 GB read, 502 MB/s)
  [1388/2040] 2026-08-26_part_0060.parquet: 400,000 → 18,376  (129.4 GB read, 503 MB/s)
  [1389/2040] 2026-08-26_part_0052.parquet: 400,000 → 18,146  (129.6 GB read, 504 MB/s)
  [1390/2040] 2026-08-27_part_0008.parquet: 274,940 → 8,430  (129.8 GB read, 505 MB/s)
  [1391/2040] 2026-08-26_part_0074.parquet: 400,000 → 17,948  (130.0 GB read, 505 MB/s)
  [1392/2040] 2026-08-27_part_0002.parquet: 275,822 → 8,563  (130.2 GB read, 505 MB/s)
  [1393/2040] 2026-08-23_part_0000.parquet: 400,000 → 47,875  (130.7 GB read, 507 MB/s)
  [1394/2040] 2026-08-26_part_0058.parquet: 400,000 → 18,001  (130.9 GB read, 508 MB/s)
  [1395/2040] 2026-08-27_part_0011.parquet: 275,222 → 8,469  (131.1 GB read, 508 MB/s)
  [1396/2040] 2026-08-27_part_0009.parquet: 274,946 → 8,656  (131.2 GB read, 508 MB/s)
  [1397/2040] 2026-08-27_part_0010.parquet: 275,305 → 8,550  (131.4 GB read, 509 MB/s)
  [1398/2040] 2026-08-27_part_0005.parquet: 275,320 → 8,683  (131.5 GB read, 509 MB/s)
  [1399/2040] 2026-08-26_part_0092.parquet: 400,000 → 17,981  (131.8 GB read, 508 MB/s)
  [1400/2040] 2026-08-27_part_0012.parquet: 274,921 → 8,547  (131.9 GB read, 509 MB/s)
  [1401/2040] 2026-08-26_part_0066.parquet: 400,000 → 18,084  (132.1 GB read, 510 MB/s)
  [1402/2040] 2026-08-26_part_0096.parquet: 400,000 → 18,060  (132.4 GB read, 509 MB/s)
  [1403/2040] 2026-08-27_part_0013.parquet: 275,956 → 8,544  (132.5 GB read, 509 MB/s)
  [1404/2040] 2026-08-26_part_0088.parquet: 400,000 → 18,085  (132.8 GB read, 510 MB/s)
  [1405/2040] 2026-08-26_part_0098.parquet: 400,000 → 17,787  (133.0 GB read, 510 MB/s)
  [1406/2040] 2026-08-27_part_0016.parquet: 275,470 → 8,494  (133.2 GB read, 511 MB/s)
  [1407/2040] 2026-08-26_part_0080.parquet: 400,000 → 18,094  (133.4 GB read, 512 MB/s)
  [1408/2040] 2026-08-27_part_0014.parquet: 274,838 → 8,648  (133.5 GB read, 512 MB/s)
  [1409/2040] 2026-08-26_part_0076.parquet: 400,000 → 18,165  (133.8 GB read, 511 MB/s)
  [1410/2040] 2026-08-26_part_0068.parquet: 400,000 → 17,791  (134.0 GB read, 512 MB/s)
  [1411/2040] 2026-08-26_part_0086.parquet: 400,000 → 17,817  (134.2 GB read, 513 MB/s)
  [1412/2040] 2026-08-27_part_0017.parquet: 275,842 → 8,568  (134.4 GB read, 512 MB/s)
  [1413/2040] 2026-08-26_part_0090.parquet: 400,000 → 18,126  (134.6 GB read, 512 MB/s)
  [1414/2040] 2026-08-27_part_0006.parquet: 275,687 → 8,527  (134.8 GB read, 511 MB/s)
  [1415/2040] 2026-08-21_part_0044.parquet: 400,000 → 25,010  (135.1 GB read, 511 MB/s)
  [1416/2040] 2026-08-27_part_0022.parquet: 275,385 → 8,628  (135.3 GB read, 511 MB/s)
  [1417/2040] 2026-08-26_part_0082.parquet: 400,000 → 18,450  (135.5 GB read, 512 MB/s)
  [1418/2040] 2026-08-27_part_0015.parquet: 275,448 → 8,490  (135.6 GB read, 512 MB/s)
  [1419/2040] 2026-08-27_part_0020.parquet: 275,487 → 8,593  (135.8 GB read, 512 MB/s)
  [1420/2040] 2026-08-27_part_0018.parquet: 274,671 → 8,299  (135.9 GB read, 513 MB/s)
  [1421/2040] 2026-08-26_part_0084.parquet: 400,000 → 18,062  (136.2 GB read, 512 MB/s)
  [1422/2040] 2026-08-27_part_0021.parquet: 274,987 → 8,439  (136.3 GB read, 513 MB/s)
  [1423/2040] 2026-08-27_part_0019.parquet: 275,622 → 8,571  (136.5 GB read, 513 MB/s)
  [1424/2040] 2026-08-23_part_0002.parquet: 400,000 → 45,452  (137.0 GB read, 514 MB/s)
  [1425/2040] 2026-08-27_part_0023.parquet: 274,777 → 8,701  (137.1 GB read, 513 MB/s)
  [1426/2040] 2026-08-27_part_0024.parquet: 276,024 → 8,607  (137.3 GB read, 512 MB/s)
  [1427/2040] 2026-08-28_part_0001.parquet: 202,242 → 21,918  (137.5 GB read, 508 MB/s)
  [1428/2040] 2026-08-26_part_0070.parquet: 400,000 → 18,357  (137.7 GB read, 509 MB/s)
  [1429/2040] 2026-08-28_part_0002.parquet: 201,347 → 21,803  (137.9 GB read, 508 MB/s)
  [1430/2040] 2026-08-28_part_0009.parquet: 201,921 → 21,979  (138.0 GB read, 508 MB/s)
  [1431/2040] 2026-08-28_part_0007.parquet: 201,782 → 21,606  (138.2 GB read, 506 MB/s)
  [1432/2040] 2026-08-28_part_0014.parquet: 202,113 → 22,143  (138.4 GB read, 507 MB/s)
  [1433/2040] 2026-08-28_part_0000.parquet: 201,784 → 21,976  (138.6 GB read, 507 MB/s)
  [1434/2040] 2026-08-28_part_0008.parquet: 202,014 → 22,058  (138.7 GB read, 508 MB/s)
  [1435/2040] 2026-08-28_part_0005.parquet: 201,345 → 21,942  (138.9 GB read, 508 MB/s)
  [1436/2040] 2026-08-28_part_0019.parquet: 200,630 → 21,580  (139.1 GB read, 508 MB/s)
  [1437/2040] 2026-08-28_part_0018.parquet: 201,883 → 21,902  (139.3 GB read, 508 MB/s)
  [1438/2040] 2026-08-28_part_0020.parquet: 202,627 → 22,035  (139.4 GB read, 509 MB/s)
  [1439/2040] 2026-08-28_part_0012.parquet: 201,651 → 21,785  (139.6 GB read, 509 MB/s)
  [1440/2040] 2026-08-28_part_0017.parquet: 201,444 → 21,860  (139.8 GB read, 510 MB/s)
  [1441/2040] 2026-08-28_part_0016.parquet: 201,851 → 21,971  (140.0 GB read, 510 MB/s)
  [1442/2040] 2026-09-01_part_0001.parquet: 81,508 → 5,577  (140.1 GB read, 510 MB/s)
  [1443/2040] 2026-08-28_part_0023.parquet: 202,329 → 21,893  (140.2 GB read, 511 MB/s)
  [1444/2040] 2026-08-28_part_0022.parquet: 201,418 → 21,752  (140.4 GB read, 511 MB/s)
  [1445/2040] 2026-08-28_part_0021.parquet: 201,152 → 21,706  (140.6 GB read, 511 MB/s)
  [1446/2040] 2026-08-29_part_0005.parquet: 192,191 → 14,915  (140.8 GB read, 512 MB/s)
  [1447/2040] 2026-08-28_part_0006.parquet: 201,581 → 21,608  (141.0 GB read, 512 MB/s)
  [1448/2040] 2026-08-29_part_0003.parquet: 194,542 → 14,329  (141.1 GB read, 512 MB/s)
  [1449/2040] 2026-08-28_part_0024.parquet: 201,317 → 21,979  (141.3 GB read, 512 MB/s)
  [1450/2040] 2026-08-28_part_0004.parquet: 202,204 → 22,032  (141.5 GB read, 512 MB/s)
  [1451/2040] 2026-08-28_part_0013.parquet: 201,464 → 21,907  (141.7 GB read, 512 MB/s)
  [1452/2040] 2026-09-01_part_0003.parquet: 82,864 → 5,307  (141.8 GB read, 511 MB/s)
  [1453/2040] 2026-09-01_part_0005.parquet: 80,738 → 6,012  (141.8 GB read, 508 MB/s)
  [1454/2040] 2026-08-30_part_0003.parquet: 240,781 → 15,560  (142.1 GB read, 509 MB/s)
  [1455/2040] 2026-08-29_part_0001.parquet: 193,458 → 15,827  (142.3 GB read, 509 MB/s)
  [1456/2040] 2026-08-30_part_0001.parquet: 241,372 → 16,909  (142.6 GB read, 510 MB/s)
  [1457/2040] 2026-09-02_part_0001.parquet: 260,631 → 3,382  (142.7 GB read, 510 MB/s)
  [1458/2040] 2026-09-02_part_0003.parquet: 259,844 → 3,382  (142.8 GB read, 510 MB/s)
  [1459/2040] 2026-09-02_part_0005.parquet: 260,502 → 3,387  (142.9 GB read, 510 MB/s)
  [1460/2040] 2026-09-02_part_0000.parquet: 259,477 → 3,350  (142.9 GB read, 510 MB/s)
  [1461/2040] 2026-09-02_part_0007.parquet: 260,325 → 3,476  (143.0 GB read, 510 MB/s)
  [1462/2040] 2026-09-02_part_0002.parquet: 260,138 → 3,442  (143.1 GB read, 510 MB/s)
  [1463/2040] 2026-09-02_part_0011.parquet: 259,853 → 3,453  (143.2 GB read, 510 MB/s)
  [1464/2040] 2026-08-31_part_0003.parquet: 258,186 → 15,361  (143.5 GB read, 510 MB/s)
  [1465/2040] 2026-09-02_part_0012.parquet: 260,439 → 3,518  (143.6 GB read, 510 MB/s)
  [1466/2040] 2026-09-02_part_0006.parquet: 259,881 → 3,398  (143.7 GB read, 511 MB/s)
  [1467/2040] 2026-09-02_part_0013.parquet: 259,999 → 3,423  (143.7 GB read, 510 MB/s)
  [1468/2040] 2026-08-27_part_0000.parquet: 274,984 → 8,462  (143.9 GB read, 511 MB/s)
  [1469/2040] 2026-08-30_part_0005.parquet: 241,184 → 15,377  (144.2 GB read, 512 MB/s)
  [1470/2040] 2026-09-02_part_0008.parquet: 259,839 → 3,389  (144.3 GB read, 512 MB/s)
  [1471/2040] 2026-09-02_part_0009.parquet: 260,129 → 3,479  (144.3 GB read, 512 MB/s)
  [1472/2040] 2026-08-31_part_0000.parquet: 256,374 → 15,221  (144.6 GB read, 513 MB/s)
  [1473/2040] 2026-09-02_part_0015.parquet: 260,615 → 3,473  (144.7 GB read, 513 MB/s)
  [1474/2040] 2026-09-02_part_0019.parquet: 260,664 → 3,409  (144.8 GB read, 513 MB/s)
  [1475/2040] 2026-09-02_part_0018.parquet: 259,797 → 3,462  (144.9 GB read, 513 MB/s)
  [1476/2040] 2026-09-02_part_0016.parquet: 260,937 → 3,457  (145.0 GB read, 513 MB/s)
  [1477/2040] 2026-08-31_part_0008.parquet: 258,207 → 15,300  (145.3 GB read, 514 MB/s)
  [1478/2040] 2026-09-02_part_0010.parquet: 260,638 → 3,500  (145.3 GB read, 514 MB/s)
  [1479/2040] 2026-08-31_part_0009.parquet: 257,305 → 15,375  (145.6 GB read, 515 MB/s)
  [1480/2040] 2026-09-02_part_0020.parquet: 259,758 → 3,397  (145.7 GB read, 514 MB/s)
  [1481/2040] 2026-08-31_part_0007.parquet: 257,645 → 15,173  (146.0 GB read, 515 MB/s)
  [1482/2040] 2026-08-31_part_0002.parquet: 258,109 → 15,258  (146.3 GB read, 516 MB/s)
  [1483/2040] 2026-09-02_part_0017.parquet: 260,978 → 3,353  (146.4 GB read, 516 MB/s)
  [1484/2040] 2026-08-31_part_0001.parquet: 257,782 → 15,559  (146.6 GB read, 516 MB/s)
  [1485/2040] 2026-09-02_part_0021.parquet: 260,377 → 3,448  (146.7 GB read, 514 MB/s)
  [1486/2040] 2026-09-02_part_0023.parquet: 259,882 → 3,347  (146.8 GB read, 514 MB/s)
  [1487/2040] 2026-09-02_part_0022.parquet: 260,525 → 3,519  (146.9 GB read, 514 MB/s)
  [1488/2040] 2026-09-02_part_0035.parquet: 120,010 → 1,781  (146.9 GB read, 514 MB/s)
  [1489/2040] 2026-08-21_part_0052.parquet: 400,000 → 25,782  (147.3 GB read, 515 MB/s)
  [1490/2040] 2026-09-02_part_0025.parquet: 260,503 → 3,375  (147.3 GB read, 515 MB/s)
  [1491/2040] 2026-09-02_part_0026.parquet: 259,935 → 3,398  (147.4 GB read, 514 MB/s)
  [1492/2040] 2026-09-02_part_0029.parquet: 259,635 → 3,464  (147.5 GB read, 514 MB/s)
  [1493/2040] 2026-08-28_part_0011.parquet: 201,259 → 21,788  (147.7 GB read, 514 MB/s)
  [1494/2040] 2026-09-02_part_0028.parquet: 260,587 → 3,378  (147.8 GB read, 514 MB/s)
  [1495/2040] 2026-09-02_part_0033.parquet: 260,218 → 3,405  (147.9 GB read, 513 MB/s)
  [1496/2040] 2026-09-02_part_0039.parquet: 260,030 → 3,431  (148.0 GB read, 513 MB/s)
  [1497/2040] 2026-09-02_part_0037.parquet: 259,887 → 3,432  (148.0 GB read, 513 MB/s)
  [1498/2040] 2026-09-02_part_0036.parquet: 260,203 → 3,306  (148.1 GB read, 513 MB/s)
  [1499/2040] 2026-08-21_part_0010.parquet: 400,000 → 25,802  (148.5 GB read, 514 MB/s)
  [1500/2040] 2026-09-02_part_0040.parquet: 258,581 → 3,436  (148.5 GB read, 514 MB/s)
  [1501/2040] 2026-09-02_part_0032.parquet: 260,082 → 3,392  (148.6 GB read, 514 MB/s)
  [1502/2040] 2026-09-02_part_0046.parquet: 259,609 → 3,408  (148.7 GB read, 515 MB/s)
  [1503/2040] 2026-09-02_part_0043.parquet: 259,950 → 3,349  (148.8 GB read, 515 MB/s)
  [1504/2040] 2026-09-02_part_0045.parquet: 259,855 → 3,345  (148.9 GB read, 515 MB/s)
  [1505/2040] 2026-09-02_part_0044.parquet: 259,631 → 3,411  (149.0 GB read, 514 MB/s)
  [1506/2040] 2026-08-29_part_0002.parquet: 400,000 → 32,036  (149.4 GB read, 516 MB/s)
  [1507/2040] 2026-09-02_part_0048.parquet: 260,412 → 3,474  (149.5 GB read, 516 MB/s)
  [1508/2040] 2026-09-02_part_0038.parquet: 259,978 → 3,493  (149.6 GB read, 516 MB/s)
  [1509/2040] 2026-09-02_part_0042.parquet: 259,834 → 3,459  (149.6 GB read, 516 MB/s)
  [1510/2040] 2026-08-30_part_0002.parquet: 400,000 → 28,865  (150.1 GB read, 517 MB/s)
  [1511/2040] 2026-09-02_part_0041.parquet: 259,967 → 3,434  (150.2 GB read, 517 MB/s)
  [1512/2040] 2026-08-30_part_0004.parquet: 400,000 → 29,414  (150.7 GB read, 518 MB/s)
  [1513/2040] 2026-08-21_part_0035.parquet: 379,897 → 23,903  (151.0 GB read, 516 MB/s)
  [1514/2040] 2026-08-30_part_0000.parquet: 400,000 → 27,905  (151.4 GB read, 518 MB/s)
  [1515/2040] 2026-09-02_part_0047.parquet: 261,076 → 3,456  (151.5 GB read, 518 MB/s)
  [1516/2040] 2026-09-02_part_0030.parquet: 259,186 → 3,361  (151.6 GB read, 517 MB/s)
  [1517/2040] 2026-09-02_part_0034.parquet: 400,000 → 5,112  (151.7 GB read, 517 MB/s)
  [1518/2040] 2026-09-02_part_0049.parquet: 259,824 → 3,456  (151.8 GB read, 517 MB/s)
  [1519/2040] 2026-08-21_part_0000.parquet: 400,000 → 24,620  (152.1 GB read, 518 MB/s)
  [1520/2040] 2026-09-01_part_0000.parquet: 400,000 → 30,990  (152.6 GB read, 517 MB/s)
  [1521/2040] 2026-09-03_part_0003.parquet: 282,383 → 10,994  (152.7 GB read, 516 MB/s)
  [1522/2040] 2026-09-03_part_0001.parquet: 282,723 → 11,138  (152.9 GB read, 516 MB/s)
  [1523/2040] 2026-09-04_part_0002.parquet: 225,259 → 8,184  (153.0 GB read, 516 MB/s)
  [1524/2040] 2026-09-03_part_0002.parquet: 283,159 → 11,159  (153.2 GB read, 516 MB/s)
  [1525/2040] 2026-08-31_part_0005.parquet: 257,247 → 15,352  (153.5 GB read, 517 MB/s)
  [1526/2040] 2026-09-03_part_0006.parquet: 281,353 → 11,095  (153.7 GB read, 516 MB/s)
  [1527/2040] 2026-09-04_part_0000.parquet: 224,021 → 8,117  (153.8 GB read, 517 MB/s)
  [1528/2040] 2026-09-03_part_0005.parquet: 282,778 → 11,194  (153.9 GB read, 517 MB/s)
  [1529/2040] 2026-09-04_part_0010.parquet: 223,858 → 8,146  (154.1 GB read, 517 MB/s)
  [1530/2040] 2026-09-04_part_0003.parquet: 224,478 → 8,161  (154.2 GB read, 517 MB/s)
  [1531/2040] 2026-09-04_part_0009.parquet: 224,320 → 7,991  (154.3 GB read, 518 MB/s)
  [1532/2040] 2026-09-03_part_0007.parquet: 282,463 → 11,017  (154.5 GB read, 518 MB/s)
  [1533/2040] 2026-09-04_part_0007.parquet: 225,173 → 8,301  (154.6 GB read, 518 MB/s)
  [1534/2040] 2026-09-04_part_0013.parquet: 225,248 → 8,152  (154.7 GB read, 518 MB/s)
  [1535/2040] 2026-09-03_part_0004.parquet: 282,721 → 11,021  (154.9 GB read, 519 MB/s)
  [1536/2040] 2026-09-03_part_0009.parquet: 282,257 → 11,267  (155.1 GB read, 519 MB/s)
  [1537/2040] 2026-09-04_part_0014.parquet: 224,048 → 8,070  (155.2 GB read, 519 MB/s)
  [1538/2040] 2026-09-04_part_0017.parquet: 224,054 → 8,153  (155.3 GB read, 519 MB/s)
  [1539/2040] 2026-09-04_part_0016.parquet: 224,425 → 8,130  (155.4 GB read, 519 MB/s)
  [1540/2040] 2026-09-04_part_0015.parquet: 223,930 → 8,200  (155.5 GB read, 520 MB/s)
  [1541/2040] 2026-09-04_part_0012.parquet: 224,101 → 8,178  (155.7 GB read, 520 MB/s)
  [1542/2040] 2026-09-04_part_0005.parquet: 224,160 → 8,239  (155.8 GB read, 520 MB/s)
  [1543/2040] 2026-09-04_part_0020.parquet: 224,153 → 8,282  (155.9 GB read, 519 MB/s)
  [1544/2040] 2026-08-21_part_0043.parquet: 379,474 → 25,153  (156.2 GB read, 519 MB/s)
  [1545/2040] 2026-09-04_part_0018.parquet: 224,013 → 8,224  (156.3 GB read, 520 MB/s)
  [1546/2040] 2026-09-04_part_0024.parquet: 224,420 → 8,071  (156.5 GB read, 518 MB/s)
  [1547/2040] 2026-09-04_part_0022.parquet: 224,103 → 8,116  (156.6 GB read, 518 MB/s)
  [1548/2040] 2026-09-04_part_0019.parquet: 224,667 → 8,166  (156.7 GB read, 518 MB/s)
  [1549/2040] 2026-09-03_part_0008.parquet: 282,053 → 11,064  (156.9 GB read, 518 MB/s)
  [1550/2040] 2026-09-04_part_0021.parquet: 224,102 → 8,133  (157.0 GB read, 519 MB/s)
  [1551/2040] 2026-08-29_part_0004.parquet: 400,000 → 31,252  (157.4 GB read, 519 MB/s)
  [1552/2040] 2026-09-04_part_0023.parquet: 223,992 → 8,208  (157.5 GB read, 520 MB/s)
  [1553/2040] 2026-09-04_part_0001.parquet: 224,825 → 8,210  (157.6 GB read, 519 MB/s)
  [1554/2040] 2026-09-01_part_0004.parquet: 400,000 → 30,249  (158.1 GB read, 518 MB/s)
  [1555/2040] 2026-09-03_part_0000.parquet: 281,833 → 10,773  (158.3 GB read, 518 MB/s)
  [1556/2040] 2026-09-01_part_0002.parquet: 400,000 → 31,369  (158.7 GB read, 519 MB/s)
  [1557/2040] 2026-09-06_part_0017.parquet: 105,237 → 10,712  (158.8 GB read, 518 MB/s)
  [1558/2040] 2026-09-02_part_0024.parquet: 260,001 → 3,395  (158.9 GB read, 517 MB/s)
  [1559/2040] 2026-08-28_part_0015.parquet: 202,635 → 21,820  (159.0 GB read, 516 MB/s)
  [1560/2040] 2026-08-28_part_0010.parquet: 201,263 → 21,896  (159.2 GB read, 515 MB/s)
  [1561/2040] 2026-09-07_part_0003.parquet: 77,249 → 10,456  (159.3 GB read, 515 MB/s)
  [1562/2040] 2026-08-28_part_0003.parquet: 201,624 → 21,917  (159.5 GB read, 515 MB/s)
  [1563/2040] 2026-08-23_part_0004.parquet: 400,000 → 48,603  (160.0 GB read, 516 MB/s)
  [1564/2040] 2026-09-07_part_0005.parquet: 78,512 → 11,334  (160.1 GB read, 516 MB/s)
  [1565/2040] 2026-09-02_part_0014.parquet: 259,712 → 3,381  (160.1 GB read, 515 MB/s)
  [1566/2040] 2026-09-07_part_0001.parquet: 78,467 → 12,409  (160.2 GB read, 515 MB/s)
  [1567/2040] 2026-09-02_part_0027.parquet: 260,385 → 3,358  (160.3 GB read, 515 MB/s)
  [1568/2040] 2026-09-07_part_0007.parquet: 77,360 → 8,980  (160.4 GB read, 515 MB/s)
  [1569/2040] 2026-09-02_part_0031.parquet: 260,063 → 3,480  (160.5 GB read, 515 MB/s)
  [1570/2040] 2026-08-26_part_0078.parquet: 400,000 → 17,948  (160.7 GB read, 515 MB/s)
  [1571/2040] 2026-08-26_part_0020.parquet: 400,000 → 18,362  (160.9 GB read, 516 MB/s)
  [1572/2040] 2026-09-07_part_0009.parquet: 76,426 → 9,091  (161.0 GB read, 515 MB/s)
  [1573/2040] 2026-09-06_part_0000.parquet: 252,039 → 26,398  (161.2 GB read, 516 MB/s)
  [1574/2040] 2026-09-06_part_0002.parquet: 252,817 → 26,910  (161.4 GB read, 516 MB/s)
  [1575/2040] 2026-09-06_part_0001.parquet: 253,734 → 27,046  (161.6 GB read, 516 MB/s)
  [1576/2040] 2026-09-07_part_0011.parquet: 77,513 → 9,734  (161.7 GB read, 515 MB/s)
  [1577/2040] 2026-09-02_part_0004.parquet: 260,462 → 3,334  (161.8 GB read, 516 MB/s)
  [1578/2040] 2026-08-26_part_0094.parquet: 400,000 → 18,107  (162.0 GB read, 516 MB/s)
  [1579/2040] 2026-09-06_part_0013.parquet: 252,714 → 26,641  (162.2 GB read, 516 MB/s)
  [1580/2040] 2026-08-21_part_0072.parquet: 400,000 → 25,309  (162.5 GB read, 517 MB/s)
  [1581/2040] 2026-09-06_part_0008.parquet: 252,947 → 26,463  (162.7 GB read, 518 MB/s)
  [1582/2040] 2026-09-06_part_0012.parquet: 252,626 → 26,887  (163.0 GB read, 518 MB/s)
  [1583/2040] 2026-09-06_part_0011.parquet: 252,972 → 26,593  (163.2 GB read, 518 MB/s)
  [1584/2040] 2026-09-06_part_0003.parquet: 253,060 → 26,639  (163.4 GB read, 519 MB/s)
  [1585/2040] 2026-09-06_part_0009.parquet: 252,488 → 26,769  (163.6 GB read, 519 MB/s)
  [1586/2040] 2026-09-07_part_0013.parquet: 76,674 → 9,602  (163.6 GB read, 519 MB/s)
  [1587/2040] 2026-09-04_part_0004.parquet: 224,694 → 8,248  (163.8 GB read, 519 MB/s)
  [1588/2040] 2026-09-04_part_0011.parquet: 223,436 → 8,112  (163.9 GB read, 519 MB/s)
  [1589/2040] 2026-09-06_part_0006.parquet: 252,435 → 26,877  (164.1 GB read, 520 MB/s)
  [1590/2040] 2026-09-06_part_0005.parquet: 252,434 → 26,561  (164.3 GB read, 521 MB/s)
  [1591/2040] 2026-09-06_part_0019.parquet: 252,154 → 26,524  (164.5 GB read, 521 MB/s)
  [1592/2040] 2026-09-06_part_0018.parquet: 253,080 → 26,855  (164.7 GB read, 522 MB/s)
  [1593/2040] 2026-09-06_part_0015.parquet: 252,613 → 26,667  (164.9 GB read, 522 MB/s)
  [1594/2040] 2026-09-06_part_0020.parquet: 252,628 → 26,676  (165.1 GB read, 523 MB/s)
  [1595/2040] 2026-09-06_part_0010.parquet: 252,402 → 26,687  (165.3 GB read, 523 MB/s)
  [1596/2040] 2026-09-07_part_0015.parquet: 76,811 → 11,097  (165.4 GB read, 523 MB/s)
  [1597/2040] 2026-09-05_part_0001.parquet: 239,514 → 37,493  (165.7 GB read, 524 MB/s)
  [1598/2040] 2026-09-05_part_0003.parquet: 240,393 → 37,801  (166.0 GB read, 523 MB/s)
  [1599/2040] 2026-08-26_part_0030.parquet: 400,000 → 18,074  (166.2 GB read, 523 MB/s)
  [1600/2040] 2026-09-06_part_0023.parquet: 252,789 → 26,844  (166.4 GB read, 523 MB/s)
  [1601/2040] 2026-09-07_part_0019.parquet: 77,201 → 12,293  (166.5 GB read, 522 MB/s)
  [1602/2040] 2026-09-06_part_0021.parquet: 251,903 → 26,609  (166.7 GB read, 522 MB/s)
  [1603/2040] 2026-09-06_part_0024.parquet: 253,033 → 26,795  (166.9 GB read, 522 MB/s)
  [1604/2040] 2026-09-04_part_0006.parquet: 224,583 → 8,324  (167.0 GB read, 522 MB/s)
  [1605/2040] 2026-09-06_part_0022.parquet: 252,532 → 26,456  (167.2 GB read, 522 MB/s)
  [1606/2040] 2026-09-04_part_0008.parquet: 223,709 → 8,185  (167.4 GB read, 522 MB/s)
  [1607/2040] 2026-09-07_part_0017.parquet: 75,799 → 9,232  (167.4 GB read, 520 MB/s)
  [1608/2040] 2026-09-06_part_0016.parquet: 400,000 → 42,764  (167.8 GB read, 519 MB/s)
  [1609/2040] 2026-08-31_part_0004.parquet: 258,194 → 15,424  (168.0 GB read, 514 MB/s)
  [1610/2040] 2026-09-09_part_0000.parquet: 227,767 → 16,632  (168.2 GB read, 512 MB/s)
  [1611/2040] 2026-09-09_part_0003.parquet: 227,749 → 16,689  (168.4 GB read, 511 MB/s)
  [1612/2040] 2026-09-09_part_0004.parquet: 228,960 → 16,592  (168.7 GB read, 511 MB/s)
  [1613/2040] 2026-09-09_part_0009.parquet: 227,878 → 16,746  (168.9 GB read, 511 MB/s)
  [1614/2040] 2026-09-09_part_0006.parquet: 227,545 → 16,678  (169.1 GB read, 512 MB/s)
  [1615/2040] 2026-09-09_part_0002.parquet: 228,089 → 16,611  (169.3 GB read, 512 MB/s)
  [1616/2040] 2026-09-09_part_0014.parquet: 227,818 → 16,624  (169.5 GB read, 512 MB/s)
  [1617/2040] 2026-09-09_part_0011.parquet: 227,351 → 16,661  (169.7 GB read, 512 MB/s)
  [1618/2040] 2026-09-07_part_0000.parquet: 400,000 → 49,739  (170.0 GB read, 513 MB/s)
  [1619/2040] 2026-09-09_part_0012.parquet: 226,802 → 16,882  (170.2 GB read, 514 MB/s)
  [1620/2040] 2026-09-09_part_0010.parquet: 227,191 → 16,552  (170.4 GB read, 514 MB/s)
  [1621/2040] 2026-09-09_part_0015.parquet: 228,242 → 16,573  (170.6 GB read, 515 MB/s)
  [1622/2040] 2026-09-09_part_0018.parquet: 227,836 → 16,624  (170.8 GB read, 516 MB/s)
  [1623/2040] 2026-09-09_part_0001.parquet: 227,643 → 16,746  (171.0 GB read, 516 MB/s)
  [1624/2040] 2026-09-09_part_0007.parquet: 227,366 → 16,832  (171.3 GB read, 517 MB/s)
  [1625/2040] 2026-09-07_part_0004.parquet: 400,000 → 50,686  (171.6 GB read, 518 MB/s)
  [1626/2040] 2026-08-21_part_0099.parquet: 379,555 → 22,916  (171.9 GB read, 518 MB/s)
  [1627/2040] 2026-09-05_part_0004.parquet: 400,000 → 64,477  (172.4 GB read, 520 MB/s)
  [1628/2040] 2026-09-06_part_0007.parquet: 252,857 → 26,472  (172.6 GB read, 520 MB/s)
  [1629/2040] 2026-09-09_part_0005.parquet: 227,134 → 16,720  (172.8 GB read, 521 MB/s)
  [1630/2040] 2026-09-09_part_0008.parquet: 228,279 → 16,589  (173.0 GB read, 521 MB/s)
  [1631/2040] 2026-09-09_part_0016.parquet: 227,331 → 16,421  (173.2 GB read, 521 MB/s)
  [1632/2040] 2026-09-09_part_0013.parquet: 227,402 → 16,414  (173.4 GB read, 522 MB/s)
  [1633/2040] 2026-09-09_part_0017.parquet: 227,742 → 16,467  (173.6 GB read, 522 MB/s)
  [1634/2040] 2026-09-09_part_0022.parquet: 228,580 → 16,713  (173.8 GB read, 522 MB/s)
  [1635/2040] 2026-09-05_part_0002.parquet: 400,000 → 62,923  (174.3 GB read, 523 MB/s)
  [1636/2040] 2026-09-09_part_0021.parquet: 227,826 → 16,695  (174.5 GB read, 524 MB/s)
  [1637/2040] 2026-09-07_part_0006.parquet: 400,000 → 52,879  (174.9 GB read, 524 MB/s)
  [1638/2040] 2026-09-09_part_0023.parquet: 226,447 → 16,551  (175.1 GB read, 525 MB/s)
  [1639/2040] 2026-09-09_part_0019.parquet: 227,683 → 16,774  (175.3 GB read, 525 MB/s)
  [1640/2040] 2026-09-09_part_0025.parquet: 227,940 → 16,842  (175.5 GB read, 525 MB/s)
  [1641/2040] 2026-09-07_part_0002.parquet: 400,000 → 51,036  (175.9 GB read, 526 MB/s)
  [1642/2040] 2026-09-09_part_0024.parquet: 227,648 → 16,632  (176.1 GB read, 526 MB/s)
  [1643/2040] 2026-09-09_part_0027.parquet: 227,671 → 16,741  (176.3 GB read, 526 MB/s)
  [1644/2040] 2026-09-07_part_0008.parquet: 400,000 → 52,176  (176.6 GB read, 528 MB/s)
  [1645/2040] 2026-09-07_part_0010.parquet: 400,000 → 51,572  (177.0 GB read, 528 MB/s)
  [1646/2040] 2026-09-09_part_0028.parquet: 227,776 → 16,693  (177.2 GB read, 528 MB/s)
  [1647/2040] 2026-09-09_part_0029.parquet: 227,736 → 16,733  (177.4 GB read, 529 MB/s)
  [1648/2040] 2026-09-07_part_0012.parquet: 400,000 → 51,774  (177.8 GB read, 529 MB/s)
  [1649/2040] 2026-09-07_part_0014.parquet: 400,000 → 50,662  (178.2 GB read, 527 MB/s)
  [1650/2040] 2026-09-08_part_0005.parquet: 275,497 → 47,689  (178.5 GB read, 527 MB/s)
  [1651/2040] 2026-09-09_part_0030.parquet: 227,718 → 16,796  (178.7 GB read, 527 MB/s)
  [1652/2040] 2026-09-07_part_0016.parquet: 400,000 → 52,327  (179.1 GB read, 528 MB/s)
  [1653/2040] 2026-09-09_part_0031.parquet: 227,992 → 16,656  (179.3 GB read, 529 MB/s)
  [1654/2040] 2026-09-10_part_0001.parquet: 82,645 → 8,722  (179.4 GB read, 529 MB/s)
  [1655/2040] 2026-09-08_part_0004.parquet: 275,970 → 47,506  (179.7 GB read, 530 MB/s)
  [1656/2040] 2026-09-08_part_0002.parquet: 275,513 → 47,609  (180.1 GB read, 530 MB/s)
  [1657/2040] 2026-09-08_part_0008.parquet: 274,868 → 47,751  (180.4 GB read, 530 MB/s)
  [1658/2040] 2026-09-08_part_0009.parquet: 274,694 → 47,338  (180.8 GB read, 529 MB/s)
  [1659/2040] 2026-09-07_part_0018.parquet: 400,000 → 49,441  (181.1 GB read, 529 MB/s)
  [1660/2040] 2026-09-09_part_0032.parquet: 227,797 → 16,584  (181.3 GB read, 529 MB/s)
  [1661/2040] 2026-09-05_part_0005.parquet: 238,687 → 37,183  (181.6 GB read, 529 MB/s)
  [1662/2040] 2026-09-06_part_0014.parquet: 253,430 → 26,980  (181.8 GB read, 529 MB/s)
  [1663/2040] 2026-09-09_part_0033.parquet: 227,636 → 16,744  (182.0 GB read, 529 MB/s)
  [1664/2040] 2026-09-06_part_0004.parquet: 253,497 → 26,661  (182.2 GB read, 528 MB/s)
  [1665/2040] 2026-09-09_part_0034.parquet: 227,845 → 16,698  (182.4 GB read, 528 MB/s)
  [1666/2040] 2026-09-08_part_0007.parquet: 275,245 → 47,336  (182.8 GB read, 529 MB/s)
  [1667/2040] 2026-09-08_part_0000.parquet: 275,648 → 47,357  (183.1 GB read, 529 MB/s)
  [1668/2040] 2026-09-09_part_0036.parquet: 227,710 → 16,663  (183.3 GB read, 530 MB/s)
  [1669/2040] 2026-09-09_part_0035.parquet: 227,439 → 16,530  (183.5 GB read, 530 MB/s)
  [1670/2040] 2026-09-09_part_0041.parquet: 227,071 → 16,522  (183.7 GB read, 531 MB/s)
  [1671/2040] 2026-09-09_part_0037.parquet: 227,131 → 16,494  (183.9 GB read, 531 MB/s)
  [1672/2040] 2026-09-09_part_0038.parquet: 228,449 → 16,767  (184.1 GB read, 531 MB/s)
  [1673/2040] 2026-09-09_part_0043.parquet: 227,500 → 16,612  (184.4 GB read, 532 MB/s)
  [1674/2040] 2026-09-09_part_0042.parquet: 227,333 → 16,774  (184.6 GB read, 533 MB/s)
  [1675/2040] 2026-09-09_part_0049.parquet: 226,203 → 16,545  (184.8 GB read, 533 MB/s)
  [1676/2040] 2026-09-09_part_0046.parquet: 227,539 → 16,451  (185.0 GB read, 534 MB/s)
  [1677/2040] 2026-09-09_part_0039.parquet: 228,200 → 16,690  (185.2 GB read, 534 MB/s)
  [1678/2040] 2026-09-09_part_0047.parquet: 228,340 → 16,579  (185.4 GB read, 534 MB/s)
  [1679/2040] 2026-09-09_part_0040.parquet: 227,388 → 16,764  (185.6 GB read, 534 MB/s)
  [1680/2040] 2026-09-09_part_0048.parquet: 227,771 → 16,531  (185.8 GB read, 534 MB/s)
  [1681/2040] 2026-09-11_part_0003.parquet: 256,772 → 20,047  (186.0 GB read, 535 MB/s)
  [1682/2040] 2026-09-11_part_0000.parquet: 256,110 → 19,915  (186.2 GB read, 535 MB/s)
  [1683/2040] 2026-09-09_part_0020.parquet: 227,165 → 16,653  (186.4 GB read, 535 MB/s)
  [1684/2040] 2026-09-09_part_0044.parquet: 227,909 → 16,653  (186.6 GB read, 536 MB/s)
  [1685/2040] 2026-09-09_part_0045.parquet: 227,748 → 16,786  (186.8 GB read, 536 MB/s)
  [1686/2040] 2026-08-22_part_0001.parquet: 287,007 → 31,886  (187.2 GB read, 535 MB/s)
  [1687/2040] 2026-09-11_part_0010.parquet: 256,336 → 19,893  (187.4 GB read, 536 MB/s)
  [1688/2040] 2026-09-11_part_0001.parquet: 257,062 → 20,205  (187.6 GB read, 536 MB/s)
  [1689/2040] 2026-09-11_part_0002.parquet: 255,627 → 20,000  (187.8 GB read, 537 MB/s)
  [1690/2040] 2026-09-11_part_0006.parquet: 257,226 → 20,050  (188.1 GB read, 537 MB/s)
  [1691/2040] 2026-09-11_part_0004.parquet: 256,067 → 20,012  (188.3 GB read, 538 MB/s)
  [1692/2040] 2026-09-11_part_0005.parquet: 256,582 → 20,114  (188.5 GB read, 538 MB/s)
  [1693/2040] 2026-09-11_part_0015.parquet: 256,113 → 19,950  (188.7 GB read, 538 MB/s)
  [1694/2040] 2026-09-11_part_0008.parquet: 255,878 → 19,863  (188.9 GB read, 538 MB/s)
  [1695/2040] 2026-09-11_part_0016.parquet: 256,031 → 20,012  (189.2 GB read, 539 MB/s)
  [1696/2040] 2026-09-11_part_0013.parquet: 256,492 → 20,077  (189.4 GB read, 539 MB/s)
  [1697/2040] 2026-09-11_part_0011.parquet: 256,445 → 20,267  (189.6 GB read, 540 MB/s)
  [1698/2040] 2026-09-08_part_0001.parquet: 275,855 → 47,739  (189.9 GB read, 540 MB/s)
  [1699/2040] 2026-09-11_part_0014.parquet: 255,727 → 19,944  (190.2 GB read, 540 MB/s)
  [1700/2040] 2026-09-11_part_0017.parquet: 256,536 → 20,061  (190.4 GB read, 540 MB/s)
  [1701/2040] 2026-09-11_part_0009.parquet: 256,216 → 20,077  (190.6 GB read, 540 MB/s)
  [1702/2040] 2026-09-11_part_0018.parquet: 256,054 → 20,010  (190.8 GB read, 540 MB/s)
  [1703/2040] 2026-09-11_part_0007.parquet: 257,405 → 19,956  (191.0 GB read, 540 MB/s)
  [1704/2040] 2026-09-11_part_0020.parquet: 255,979 → 20,075  (191.3 GB read, 540 MB/s)
  [1705/2040] 2026-09-11_part_0019.parquet: 256,747 → 20,068  (191.5 GB read, 540 MB/s)
  [1706/2040] 2026-09-11_part_0023.parquet: 256,324 → 20,002  (191.7 GB read, 540 MB/s)
  [1707/2040] 2026-09-11_part_0021.parquet: 255,760 → 20,051  (191.9 GB read, 540 MB/s)
  [1708/2040] 2026-09-08_part_0003.parquet: 275,094 → 47,657  (192.3 GB read, 539 MB/s)
  [1709/2040] 2026-08-29_part_0000.parquet: 400,000 → 30,041  (192.7 GB read, 540 MB/s)
  [1710/2040] 2026-09-11_part_0024.parquet: 255,201 → 19,968  (192.9 GB read, 539 MB/s)
  [1711/2040] 2026-09-11_part_0030.parquet: 255,460 → 19,952  (193.1 GB read, 536 MB/s)
  [1712/2040] 2026-09-17_part_0001.parquet: 57,720 → 5,000  (193.2 GB read, 537 MB/s)
  [1713/2040] 2026-09-11_part_0027.parquet: 256,439 → 19,985  (193.4 GB read, 537 MB/s)
  [1714/2040] 2026-09-11_part_0032.parquet: 255,657 → 19,855  (193.6 GB read, 537 MB/s)
  [1715/2040] 2026-09-17_part_0005.parquet: 57,643 → 4,062  (193.6 GB read, 537 MB/s)
  [1716/2040] 2026-09-11_part_0031.parquet: 256,712 → 20,064  (193.9 GB read, 537 MB/s)
  [1717/2040] 2026-09-11_part_0033.parquet: 255,940 → 19,877  (194.1 GB read, 538 MB/s)
  [1718/2040] 2026-09-17_part_0003.parquet: 57,517 → 4,214  (194.1 GB read, 537 MB/s)
  [1719/2040] 2026-09-11_part_0038.parquet: 256,237 → 20,041  (194.3 GB read, 538 MB/s)
  [1720/2040] 2026-09-11_part_0025.parquet: 255,743 → 19,799  (194.6 GB read, 538 MB/s)
  [1721/2040] 2026-09-11_part_0028.parquet: 256,449 → 19,840  (194.8 GB read, 538 MB/s)
  [1722/2040] 2026-09-11_part_0039.parquet: 255,595 → 19,900  (195.0 GB read, 539 MB/s)
  [1723/2040] 2026-09-11_part_0034.parquet: 256,514 → 19,881  (195.2 GB read, 539 MB/s)
  [1724/2040] 2026-09-11_part_0042.parquet: 257,255 → 20,178  (195.4 GB read, 540 MB/s)
  [1725/2040] 2026-09-11_part_0046.parquet: 255,868 → 19,954  (195.7 GB read, 540 MB/s)
  [1726/2040] 2026-09-11_part_0036.parquet: 256,281 → 20,132  (195.9 GB read, 540 MB/s)
  [1727/2040] 2026-09-10_part_0000.parquet: 400,000 → 42,003  (196.3 GB read, 541 MB/s)
  [1728/2040] 2026-09-15_part_0001.parquet: 276,848 → 16,257  (196.4 GB read, 541 MB/s)
  [1729/2040] 2026-09-11_part_0045.parquet: 256,517 → 19,670  (196.6 GB read, 541 MB/s)
  [1730/2040] 2026-09-11_part_0044.parquet: 256,329 → 20,072  (196.9 GB read, 541 MB/s)
  [1731/2040] 2026-09-12_part_0001.parquet: 247,032 → 22,874  (197.1 GB read, 542 MB/s)
  [1732/2040] 2026-09-11_part_0047.parquet: 255,710 → 19,947  (197.3 GB read, 542 MB/s)
  [1733/2040] 2026-09-15_part_0000.parquet: 277,309 → 15,983  (197.5 GB read, 542 MB/s)
  [1734/2040] 2026-09-11_part_0048.parquet: 255,648 → 19,671  (197.7 GB read, 542 MB/s)
  [1735/2040] 2026-09-12_part_0000.parquet: 246,694 → 23,091  (197.9 GB read, 542 MB/s)
  [1736/2040] 2026-09-12_part_0003.parquet: 246,749 → 23,158  (198.1 GB read, 543 MB/s)
  [1737/2040] 2026-09-12_part_0002.parquet: 245,812 → 22,780  (198.4 GB read, 543 MB/s)
  [1738/2040] 2026-09-12_part_0006.parquet: 246,458 → 22,811  (198.6 GB read, 543 MB/s)
  [1739/2040] 2026-09-05_part_0000.parquet: 400,000 → 64,173  (199.1 GB read, 544 MB/s)
  [1740/2040] 2026-09-11_part_0043.parquet: 256,593 → 19,842  (199.3 GB read, 544 MB/s)
  [1741/2040] 2026-09-16_part_0000.parquet: 221,688 → 15,732  (199.5 GB read, 544 MB/s)
  [1742/2040] 2026-09-16_part_0002.parquet: 221,353 → 15,627  (199.7 GB read, 544 MB/s)
  [1743/2040] 2026-09-16_part_0001.parquet: 220,789 → 15,786  (199.9 GB read, 544 MB/s)
  [1744/2040] 2026-09-16_part_0004.parquet: 222,357 → 15,928  (200.1 GB read, 545 MB/s)
  [1745/2040] 2026-09-11_part_0037.parquet: 256,853 → 20,018  (200.4 GB read, 545 MB/s)
  [1746/2040] 2026-09-11_part_0029.parquet: 256,890 → 20,231  (200.6 GB read, 545 MB/s)
  [1747/2040] 2026-09-12_part_0004.parquet: 247,518 → 22,920  (200.8 GB read, 545 MB/s)
  [1748/2040] 2026-09-16_part_0003.parquet: 222,059 → 15,943  (201.0 GB read, 545 MB/s)
  [1749/2040] 2026-09-16_part_0009.parquet: 221,880 → 15,871  (201.2 GB read, 545 MB/s)
  [1750/2040] 2026-09-11_part_0035.parquet: 254,964 → 19,979  (201.5 GB read, 546 MB/s)
  [1751/2040] 2026-09-16_part_0006.parquet: 221,709 → 15,846  (201.7 GB read, 546 MB/s)
  [1752/2040] 2026-09-16_part_0005.parquet: 221,791 → 15,810  (201.9 GB read, 546 MB/s)
  [1753/2040] 2026-09-12_part_0007.parquet: 246,873 → 22,967  (202.1 GB read, 547 MB/s)
  [1754/2040] 2026-09-12_part_0005.parquet: 246,222 → 22,801  (202.3 GB read, 544 MB/s)
  [1755/2040] 2026-09-14_part_0000.parquet: 216,230 → 16,187  (202.6 GB read, 544 MB/s)
  [1756/2040] 2026-09-16_part_0007.parquet: 220,935 → 15,964  (202.8 GB read, 544 MB/s)
  [1757/2040] 2026-09-16_part_0008.parquet: 222,618 → 15,899  (203.1 GB read, 544 MB/s)
  [1758/2040] 2026-09-12_part_0009.parquet: 247,049 → 22,833  (203.3 GB read, 543 MB/s)
  [1759/2040] 2026-09-13_part_0000.parquet: 266,476 → 30,573  (203.6 GB read, 544 MB/s)
  [1760/2040] 2026-09-18_part_0000.parquet: 400,000 → 19,092  (203.8 GB read, 534 MB/s)
  [1761/2040] 2026-09-20_part_0001.parquet: 281,002 → 25,440  (204.1 GB read, 534 MB/s)
  [1762/2040] 2026-09-17_part_0002.parquet: 400,000 → 30,975  (204.4 GB read, 535 MB/s)
  [1763/2040] 2026-09-17_part_0000.parquet: 400,000 → 30,161  (204.8 GB read, 536 MB/s)
  [1764/2040] 2026-09-11_part_0040.parquet: 256,082 → 19,944  (205.0 GB read, 535 MB/s)
  [1765/2040] 2026-08-31_part_0006.parquet: 257,768 → 15,459  (205.3 GB read, 530 MB/s)
  [1766/2040] 2026-09-21_part_0019.parquet: 309,069 → 42,825  (205.6 GB read, 527 MB/s)
  [1767/2040] 2026-09-08_part_0006.parquet: 276,384 → 47,775  (205.9 GB read, 528 MB/s)
  [1768/2040] 2026-09-11_part_0012.parquet: 257,022 → 19,953  (206.2 GB read, 526 MB/s)
  [1769/2040] 2026-09-21_part_0013.parquet: 355,191 → 50,366  (206.5 GB read, 526 MB/s)
  [1770/2040] 2026-09-19_part_0002.parquet: 334,837 → 46,733  (206.9 GB read, 527 MB/s)
  [1771/2040] 2026-09-21_part_0006.parquet: 355,036 → 50,360  (207.3 GB read, 528 MB/s)
  [1772/2040] 2026-09-19_part_0001.parquet: 334,535 → 46,746  (207.7 GB read, 529 MB/s)
  [1773/2040] 2026-09-21_part_0016.parquet: 355,538 → 50,440  (208.1 GB read, 529 MB/s)
  [1774/2040] 2026-09-21_part_0011.parquet: 354,861 → 50,106  (208.4 GB read, 530 MB/s)
  [1775/2040] 2026-09-21_part_0009.parquet: 355,368 → 50,623  (208.8 GB read, 531 MB/s)
  [1776/2040] 2026-09-20_part_0000.parquet: 400,000 → 34,622  (209.2 GB read, 531 MB/s)
  [1777/2040] 2026-09-11_part_0041.parquet: 256,260 → 19,936  (209.4 GB read, 532 MB/s)
  [1778/2040] 2026-09-21_part_0015.parquet: 354,777 → 50,317  (209.7 GB read, 533 MB/s)
  [1779/2040] 2026-09-21_part_0004.parquet: 354,792 → 49,797  (210.1 GB read, 533 MB/s)
  [1780/2040] 2026-09-21_part_0017.parquet: 354,630 → 50,648  (210.5 GB read, 534 MB/s)
  [1781/2040] 2026-09-11_part_0022.parquet: 255,807 → 19,619  (210.7 GB read, 534 MB/s)
  [1782/2040] 2026-09-19_part_0000.parquet: 334,567 → 46,997  (211.1 GB read, 535 MB/s)
  [1783/2040] 2026-09-21_part_0003.parquet: 354,732 → 50,614  (211.5 GB read, 536 MB/s)
  [1784/2040] 2026-09-21_part_0020.parquet: 356,439 → 50,537  (211.8 GB read, 536 MB/s)
  [1785/2040] 2026-09-21_part_0005.parquet: 354,902 → 50,286  (212.2 GB read, 537 MB/s)
  [1786/2040] 2026-09-21_part_0001.parquet: 355,390 → 50,216  (212.5 GB read, 538 MB/s)
  [1787/2040] 2026-09-21_part_0000.parquet: 354,922 → 50,205  (212.9 GB read, 539 MB/s)
  [1788/2040] 2026-09-12_part_0008.parquet: 245,914 → 22,927  (213.1 GB read, 539 MB/s)
  [1789/2040] 2026-09-21_part_0026.parquet: 354,923 → 50,598  (213.5 GB read, 539 MB/s)
  [1790/2040] 2026-09-21_part_0014.parquet: 356,235 → 50,770  (213.9 GB read, 540 MB/s)
  [1791/2040] 2026-09-21_part_0022.parquet: 354,619 → 50,704  (214.2 GB read, 541 MB/s)
  [1792/2040] 2026-09-21_part_0007.parquet: 355,055 → 50,504  (214.6 GB read, 542 MB/s)
  [1793/2040] 2026-09-15_part_0002.parquet: 277,536 → 16,289  (214.7 GB read, 542 MB/s)
  [1794/2040] 2026-09-21_part_0024.parquet: 354,959 → 50,118  (215.1 GB read, 541 MB/s)
  [1795/2040] 2026-09-21_part_0027.parquet: 354,638 → 50,257  (215.5 GB read, 542 MB/s)
  [1796/2040] 2026-09-21_part_0035.parquet: 353,704 → 50,192  (215.8 GB read, 543 MB/s)
  [1797/2040] 2026-09-21_part_0021.parquet: 355,209 → 50,259  (216.2 GB read, 543 MB/s)
  [1798/2040] 2026-09-21_part_0028.parquet: 355,245 → 50,613  (216.5 GB read, 544 MB/s)
  [1799/2040] 2026-09-21_part_0018.parquet: 400,000 → 57,792  (217.0 GB read, 544 MB/s)
  [1800/2040] 2026-09-21_part_0032.parquet: 354,997 → 50,181  (217.3 GB read, 544 MB/s)
  [1801/2040] 2026-09-21_part_0030.parquet: 354,101 → 49,929  (217.7 GB read, 545 MB/s)
  [1802/2040] 2026-09-21_part_0036.parquet: 355,444 → 51,002  (218.0 GB read, 546 MB/s)
  [1803/2040] 2026-09-21_part_0031.parquet: 355,044 → 50,274  (218.4 GB read, 546 MB/s)
  [1804/2040] 2026-09-21_part_0034.parquet: 355,112 → 50,554  (218.8 GB read, 547 MB/s)
  [1805/2040] 2026-09-21_part_0002.parquet: 355,624 → 50,376  (219.1 GB read, 546 MB/s)
  [1806/2040] 2026-09-21_part_0038.parquet: 355,584 → 50,221  (219.5 GB read, 547 MB/s)
  [1807/2040] 2026-09-21_part_0041.parquet: 355,593 → 50,339  (219.9 GB read, 544 MB/s)
  [1808/2040] 2026-09-21_part_0039.parquet: 354,623 → 50,410  (220.2 GB read, 544 MB/s)
  [1809/2040] 2026-09-21_part_0040.parquet: 355,281 → 50,655  (220.6 GB read, 545 MB/s)
  [1810/2040] 2026-09-21_part_0042.parquet: 355,252 → 50,462  (220.9 GB read, 545 MB/s)
  [1811/2040] 2026-09-18_part_0001.parquet: 377,498 → 21,096  (221.2 GB read, 544 MB/s)
  [1812/2040] 2026-09-09_part_0026.parquet: 227,700 → 16,716  (221.4 GB read, 543 MB/s)
  [1813/2040] 2026-09-21_part_0046.parquet: 355,045 → 50,463  (221.8 GB read, 539 MB/s)
  [1814/2040] 2026-09-17_part_0004.parquet: 400,000 → 31,259  (222.1 GB read, 539 MB/s)
  [1815/2040] 2026-09-21_part_0044.parquet: 354,911 → 50,124  (222.5 GB read, 538 MB/s)
  [1816/2040] 2026-09-21_part_0010.parquet: 353,917 → 50,244  (222.8 GB read, 539 MB/s)
  [1817/2040] 2026-09-21_part_0037.parquet: 354,326 → 50,181  (223.2 GB read, 539 MB/s)
  [1818/2040] 2026-09-21_part_0008.parquet: 356,009 → 50,254  (223.6 GB read, 539 MB/s)
  [1819/2040] 2026-09-21_part_0043.parquet: 355,117 → 50,631  (223.9 GB read, 540 MB/s)
  [1820/2040] 2026-09-21_part_0025.parquet: 355,514 → 50,673  (224.3 GB read, 540 MB/s)
  [1821/2040] 2026-09-21_part_0047.parquet: 355,317 → 50,211  (224.6 GB read, 538 MB/s)
  [1822/2040] 2026-09-22_part_0001.parquet: 327,765 → 43,341  (225.0 GB read, 536 MB/s)
  [1823/2040] 2026-09-22_part_0005.parquet: 328,282 → 43,611  (225.3 GB read, 535 MB/s)
  [1824/2040] 2026-09-22_part_0019.parquet: 328,325 → 43,325  (225.6 GB read, 536 MB/s)
  [1825/2040] 2026-09-22_part_0004.parquet: 328,625 → 43,536  (225.9 GB read, 537 MB/s)
  [1826/2040] 2026-09-21_part_0049.parquet: 355,225 → 49,934  (226.3 GB read, 537 MB/s)
  [1827/2040] 2026-09-22_part_0002.parquet: 328,155 → 43,486  (226.6 GB read, 538 MB/s)
  [1828/2040] 2026-09-22_part_0008.parquet: 328,593 → 43,427  (227.0 GB read, 538 MB/s)
  [1829/2040] 2026-09-21_part_0023.parquet: 355,254 → 50,225  (227.3 GB read, 538 MB/s)
  [1830/2040] 2026-09-21_part_0029.parquet: 355,077 → 50,159  (227.7 GB read, 539 MB/s)
  [1831/2040] 2026-09-22_part_0012.parquet: 328,763 → 43,565  (228.0 GB read, 540 MB/s)
  [1832/2040] 2026-09-22_part_0011.parquet: 327,846 → 43,724  (228.3 GB read, 540 MB/s)
  [1833/2040] 2026-09-22_part_0007.parquet: 329,645 → 43,528  (228.6 GB read, 541 MB/s)
  [1834/2040] 2026-09-22_part_0021.parquet: 327,909 → 43,468  (229.0 GB read, 541 MB/s)
  [1835/2040] 2026-09-22_part_0018.parquet: 328,134 → 43,616  (229.3 GB read, 542 MB/s)
  [1836/2040] 2026-09-22_part_0023.parquet: 329,479 → 43,465  (229.6 GB read, 542 MB/s)
  [1837/2040] 2026-09-22_part_0015.parquet: 329,097 → 43,565  (229.9 GB read, 542 MB/s)
  [1838/2040] 2026-09-22_part_0006.parquet: 328,937 → 43,288  (230.3 GB read, 542 MB/s)
  [1839/2040] 2026-09-22_part_0022.parquet: 328,197 → 43,497  (230.6 GB read, 542 MB/s)
  [1840/2040] 2026-09-21_part_0045.parquet: 355,261 → 50,558  (231.0 GB read, 542 MB/s)
  [1841/2040] 2026-09-22_part_0016.parquet: 328,721 → 43,513  (231.3 GB read, 542 MB/s)
  [1842/2040] 2026-09-21_part_0012.parquet: 354,735 → 50,110  (231.6 GB read, 542 MB/s)
  [1843/2040] 2026-09-22_part_0030.parquet: 328,832 → 43,626  (232.0 GB read, 542 MB/s)
  [1844/2040] 2026-09-22_part_0003.parquet: 328,890 → 43,554  (232.3 GB read, 543 MB/s)
  [1845/2040] 2026-09-22_part_0025.parquet: 328,542 → 43,470  (232.6 GB read, 544 MB/s)
  [1846/2040] 2026-09-22_part_0035.parquet: 329,386 → 43,832  (232.9 GB read, 545 MB/s)
  [1847/2040] 2026-09-22_part_0027.parquet: 329,078 → 43,723  (233.3 GB read, 545 MB/s)
  [1848/2040] 2026-09-22_part_0028.parquet: 328,035 → 43,616  (233.6 GB read, 546 MB/s)
  [1849/2040] 2026-09-22_part_0013.parquet: 327,769 → 43,566  (233.9 GB read, 546 MB/s)
  [1850/2040] 2026-09-22_part_0034.parquet: 328,042 → 43,430  (234.2 GB read, 547 MB/s)
  [1851/2040] 2026-09-22_part_0029.parquet: 329,120 → 43,501  (234.6 GB read, 547 MB/s)
  [1852/2040] 2026-09-22_part_0033.parquet: 329,871 → 43,700  (234.9 GB read, 548 MB/s)
  [1853/2040] 2026-09-22_part_0032.parquet: 329,363 → 43,546  (235.2 GB read, 548 MB/s)
  [1854/2040] 2026-09-22_part_0014.parquet: 329,010 → 43,478  (235.5 GB read, 549 MB/s)
  [1855/2040] 2026-09-22_part_0037.parquet: 329,457 → 43,709  (235.9 GB read, 549 MB/s)
  [1856/2040] 2026-09-22_part_0036.parquet: 329,291 → 43,399  (236.2 GB read, 546 MB/s)
  [1857/2040] 2026-09-22_part_0040.parquet: 328,818 → 43,417  (236.5 GB read, 545 MB/s)
  [1858/2040] 2026-09-22_part_0041.parquet: 328,795 → 43,798  (236.8 GB read, 546 MB/s)
  [1859/2040] 2026-09-22_part_0054.parquet: 187,412 → 24,978  (237.0 GB read, 546 MB/s)
  [1860/2040] 2026-09-22_part_0042.parquet: 328,833 → 43,456  (237.3 GB read, 547 MB/s)
  [1861/2040] 2026-09-22_part_0031.parquet: 328,766 → 43,503  (237.7 GB read, 547 MB/s)
  [1862/2040] 2026-09-21_part_0033.parquet: 355,099 → 50,298  (238.0 GB read, 548 MB/s)
  [1863/2040] 2026-09-22_part_0043.parquet: 328,824 → 43,180  (238.4 GB read, 548 MB/s)
  [1864/2040] 2026-09-22_part_0044.parquet: 329,127 → 43,554  (238.7 GB read, 548 MB/s)
  [1865/2040] 2026-09-22_part_0045.parquet: 328,863 → 43,584  (239.0 GB read, 548 MB/s)
  [1866/2040] 2026-09-22_part_0038.parquet: 400,000 → 53,002  (239.4 GB read, 548 MB/s)
  [1867/2040] 2026-09-22_part_0000.parquet: 329,032 → 43,526  (239.7 GB read, 546 MB/s)
  [1868/2040] 2026-09-22_part_0046.parquet: 328,547 → 43,592  (240.0 GB read, 544 MB/s)
  [1869/2040] 2026-09-22_part_0051.parquet: 328,821 → 43,812  (240.4 GB read, 543 MB/s)
  [1870/2040] 2026-09-22_part_0047.parquet: 329,667 → 43,398  (240.7 GB read, 544 MB/s)
  [1871/2040] 2026-09-22_part_0026.parquet: 327,776 → 43,607  (241.0 GB read, 544 MB/s)
  [1872/2040] 2026-09-22_part_0050.parquet: 328,794 → 43,705  (241.3 GB read, 544 MB/s)
  [1873/2040] 2026-09-22_part_0049.parquet: 328,651 → 43,826  (241.7 GB read, 545 MB/s)
  [1874/2040] 2026-09-22_part_0048.parquet: 328,756 → 43,505  (242.0 GB read, 545 MB/s)
  [1875/2040] 2026-09-22_part_0020.parquet: 329,279 → 43,506  (242.3 GB read, 546 MB/s)
  [1876/2040] 2026-09-11_part_0026.parquet: 257,085 → 20,167  (242.5 GB read, 544 MB/s)
  [1877/2040] 2026-09-22_part_0017.parquet: 327,864 → 43,137  (242.9 GB read, 543 MB/s)
  [1878/2040] 2026-09-22_part_0053.parquet: 400,000 → 53,161  (243.3 GB read, 543 MB/s)
  [1879/2040] 2026-09-22_part_0057.parquet: 328,493 → 43,420  (243.6 GB read, 543 MB/s)
  [1880/2040] 2026-09-22_part_0055.parquet: 328,283 → 43,378  (243.9 GB read, 543 MB/s)
  [1881/2040] 2026-09-22_part_0052.parquet: 400,000 → 52,815  (244.3 GB read, 544 MB/s)
  [1882/2040] 2026-09-22_part_0060.parquet: 328,253 → 43,427  (244.6 GB read, 544 MB/s)
  [1883/2040] 2026-09-22_part_0061.parquet: 328,689 → 43,707  (244.9 GB read, 544 MB/s)
  [1884/2040] 2026-09-11_part_0049.parquet: 256,602 → 20,324  (245.2 GB read, 544 MB/s)
  [1885/2040] 2026-09-22_part_0059.parquet: 328,745 → 43,673  (245.5 GB read, 544 MB/s)
  [1886/2040] 2026-09-22_part_0063.parquet: 328,633 → 43,481  (245.8 GB read, 545 MB/s)
  [1887/2040] 2026-09-22_part_0056.parquet: 328,086 → 43,307  (246.1 GB read, 545 MB/s)
  [1888/2040] 2026-09-22_part_0062.parquet: 327,773 → 43,473  (246.5 GB read, 545 MB/s)
  [1889/2040] 2026-09-22_part_0070.parquet: 327,977 → 43,324  (246.8 GB read, 545 MB/s)
  [1890/2040] 2026-09-22_part_0069.parquet: 328,660 → 43,604  (247.1 GB read, 545 MB/s)
  [1891/2040] 2026-09-22_part_0067.parquet: 329,360 → 43,638  (247.4 GB read, 544 MB/s)
  [1892/2040] 2026-09-22_part_0066.parquet: 328,205 → 43,792  (247.8 GB read, 545 MB/s)
  [1893/2040] 2026-09-22_part_0073.parquet: 328,083 → 43,894  (248.1 GB read, 545 MB/s)
  [1894/2040] 2026-09-22_part_0071.parquet: 328,484 → 43,427  (248.4 GB read, 546 MB/s)
  [1895/2040] 2026-09-22_part_0068.parquet: 329,150 → 43,622  (248.7 GB read, 546 MB/s)
  [1896/2040] 2026-09-22_part_0072.parquet: 328,406 → 43,637  (249.1 GB read, 547 MB/s)
  [1897/2040] 2026-09-22_part_0089.parquet: 256,763 → 33,466  (249.3 GB read, 547 MB/s)
  [1898/2040] 2026-09-22_part_0074.parquet: 329,628 → 43,751  (249.6 GB read, 547 MB/s)
  [1899/2040] 2026-09-22_part_0075.parquet: 328,160 → 43,262  (250.0 GB read, 548 MB/s)
  [1900/2040] 2026-09-22_part_0083.parquet: 328,482 → 43,322  (250.3 GB read, 548 MB/s)
  [1901/2040] 2026-09-22_part_0076.parquet: 329,764 → 43,582  (250.6 GB read, 549 MB/s)
  [1902/2040] 2026-09-22_part_0084.parquet: 328,548 → 43,734  (250.9 GB read, 549 MB/s)
  [1903/2040] 2026-09-22_part_0085.parquet: 328,381 → 43,472  (251.3 GB read, 550 MB/s)
  [1904/2040] 2026-09-22_part_0087.parquet: 328,746 → 44,061  (251.6 GB read, 550 MB/s)
  [1905/2040] 2026-09-22_part_0082.parquet: 329,221 → 43,974  (251.9 GB read, 551 MB/s)
  [1906/2040] 2026-09-22_part_0080.parquet: 328,995 → 43,621  (252.2 GB read, 551 MB/s)
  [1907/2040] 2026-09-22_part_0058.parquet: 329,178 → 43,706  (252.6 GB read, 551 MB/s)
  [1908/2040] 2026-09-22_part_0039.parquet: 257,535 → 34,227  (252.8 GB read, 551 MB/s)
  [1909/2040] 2026-09-22_part_0086.parquet: 328,502 → 43,237  (253.1 GB read, 551 MB/s)
  [1910/2040] 2026-09-22_part_0079.parquet: 328,357 → 43,581  (253.5 GB read, 552 MB/s)
  [1911/2040] 2026-09-22_part_0092.parquet: 329,335 → 43,548  (253.8 GB read, 550 MB/s)
  [1912/2040] 2026-09-22_part_0095.parquet: 329,402 → 43,477  (254.1 GB read, 549 MB/s)
  [1913/2040] 2026-09-22_part_0094.parquet: 328,843 → 43,763  (254.4 GB read, 549 MB/s)
  [1914/2040] 2026-09-22_part_0009.parquet: 329,292 → 43,452  (254.8 GB read, 550 MB/s)
  [1915/2040] 2026-09-22_part_0098.parquet: 329,249 → 43,462  (255.1 GB read, 549 MB/s)
  [1916/2040] 2026-09-22_part_0065.parquet: 327,955 → 43,484  (255.4 GB read, 548 MB/s)
  [1917/2040] 2026-09-22_part_0097.parquet: 329,153 → 43,782  (255.7 GB read, 549 MB/s)
  [1918/2040] 2026-09-22_part_0099.parquet: 327,912 → 43,694  (256.1 GB read, 549 MB/s)
  [1919/2040] 2026-09-22_part_0105.parquet: 256,673 → 33,485  (256.3 GB read, 549 MB/s)
  [1920/2040] 2026-09-22_part_0090.parquet: 329,566 → 43,721  (256.6 GB read, 550 MB/s)
  [1921/2040] 2026-09-22_part_0024.parquet: 328,938 → 43,395  (257.0 GB read, 550 MB/s)
  [1922/2040] 2026-09-22_part_0100.parquet: 328,338 → 43,187  (257.3 GB read, 551 MB/s)
  [1923/2040] 2026-09-22_part_0077.parquet: 329,297 → 43,996  (257.6 GB read, 550 MB/s)
  [1924/2040] 2026-09-22_part_0096.parquet: 328,111 → 43,306  (257.9 GB read, 549 MB/s)
  [1925/2040] 2026-09-22_part_0102.parquet: 328,644 → 43,459  (258.3 GB read, 549 MB/s)
  [1926/2040] 2026-09-21_part_0048.parquet: 354,446 → 49,945  (258.6 GB read, 549 MB/s)
  [1927/2040] 2026-09-22_part_0010.parquet: 329,197 → 43,849  (258.9 GB read, 549 MB/s)
  [1928/2040] 2026-09-22_part_0106.parquet: 328,477 → 43,658  (259.3 GB read, 549 MB/s)
  [1929/2040] 2026-09-22_part_0107.parquet: 328,266 → 43,278  (259.6 GB read, 549 MB/s)
  [1930/2040] 2026-09-22_part_0103.parquet: 327,766 → 43,593  (259.9 GB read, 549 MB/s)
  [1931/2040] 2026-09-22_part_0101.parquet: 329,448 → 43,739  (260.2 GB read, 549 MB/s)
  [1932/2040] 2026-09-22_part_0108.parquet: 328,801 → 43,173  (260.6 GB read, 548 MB/s)
  [1933/2040] 2026-09-22_part_0064.parquet: 328,427 → 43,384  (260.9 GB read, 548 MB/s)
  [1934/2040] 2026-09-22_part_0120.parquet: 257,904 → 33,890  (261.1 GB read, 548 MB/s)
  [1935/2040] 2026-09-22_part_0111.parquet: 328,121 → 43,254  (261.5 GB read, 547 MB/s)
  [1936/2040] 2026-09-22_part_0112.parquet: 328,218 → 43,396  (261.8 GB read, 547 MB/s)
  [1937/2040] 2026-09-22_part_0110.parquet: 328,241 → 43,865  (262.1 GB read, 548 MB/s)
  [1938/2040] 2026-09-22_part_0104.parquet: 400,000 → 53,639  (262.5 GB read, 549 MB/s)
  [1939/2040] 2026-09-22_part_0113.parquet: 329,370 → 43,928  (262.8 GB read, 549 MB/s)
  [1940/2040] 2026-09-22_part_0109.parquet: 328,802 → 43,609  (263.2 GB read, 550 MB/s)
  [1941/2040] 2026-09-22_part_0115.parquet: 328,595 → 43,558  (263.5 GB read, 550 MB/s)
  [1942/2040] 2026-09-22_part_0114.parquet: 329,160 → 43,845  (263.8 GB read, 549 MB/s)
  [1943/2040] 2026-09-22_part_0116.parquet: 328,937 → 43,510  (264.1 GB read, 549 MB/s)
  [1944/2040] 2026-09-22_part_0121.parquet: 329,016 → 43,380  (264.5 GB read, 549 MB/s)
  [1945/2040] 2026-09-22_part_0122.parquet: 328,726 → 43,860  (264.8 GB read, 550 MB/s)
  [1946/2040] 2026-09-22_part_0118.parquet: 328,566 → 43,699  (265.1 GB read, 550 MB/s)
  [1947/2040] 2026-09-22_part_0123.parquet: 327,825 → 43,295  (265.4 GB read, 550 MB/s)
  [1948/2040] 2026-09-22_part_0127.parquet: 328,343 → 43,459  (265.8 GB read, 550 MB/s)
  [1949/2040] 2026-09-22_part_0124.parquet: 328,227 → 43,279  (266.1 GB read, 549 MB/s)
  [1950/2040] 2026-09-22_part_0131.parquet: 328,316 → 43,527  (266.4 GB read, 550 MB/s)
  [1951/2040] 2026-09-22_part_0135.parquet: 328,215 → 43,453  (266.7 GB read, 549 MB/s)
  [1952/2040] 2026-09-22_part_0128.parquet: 328,782 → 43,674  (267.1 GB read, 550 MB/s)
  [1953/2040] 2026-09-22_part_0132.parquet: 329,002 → 43,742  (267.4 GB read, 550 MB/s)
  [1954/2040] 2026-09-22_part_0137.parquet: 328,940 → 44,012  (267.7 GB read, 551 MB/s)
  [1955/2040] 2026-09-22_part_0117.parquet: 328,489 → 43,688  (268.0 GB read, 551 MB/s)
  [1956/2040] 2026-09-22_part_0130.parquet: 329,322 → 43,513  (268.4 GB read, 552 MB/s)
  [1957/2040] 2026-09-22_part_0136.parquet: 329,247 → 43,679  (268.7 GB read, 552 MB/s)
  [1958/2040] 2026-09-22_part_0119.parquet: 400,000 → 53,083  (269.1 GB read, 552 MB/s)
  [1959/2040] 2026-09-22_part_0129.parquet: 328,325 → 43,631  (269.4 GB read, 553 MB/s)
  [1960/2040] 2026-09-22_part_0081.parquet: 328,803 → 43,512  (269.7 GB read, 553 MB/s)
  [1961/2040] 2026-09-22_part_0133.parquet: 329,359 → 43,480  (270.0 GB read, 554 MB/s)
  [1962/2040] 2026-09-22_part_0140.parquet: 327,714 → 43,364  (270.4 GB read, 554 MB/s)
  [1963/2040] 2026-09-22_part_0142.parquet: 329,669 → 44,012  (270.7 GB read, 555 MB/s)
  [1964/2040] 2026-09-22_part_0093.parquet: 328,210 → 43,615  (271.0 GB read, 555 MB/s)
  [1965/2040] 2026-09-22_part_0138.parquet: 329,103 → 43,559  (271.3 GB read, 554 MB/s)
  [1966/2040] 2026-09-22_part_0141.parquet: 328,482 → 43,364  (271.7 GB read, 554 MB/s)
  [1967/2040] 2026-09-22_part_0126.parquet: 327,608 → 43,523  (272.0 GB read, 555 MB/s)
  [1968/2040] 2026-09-22_part_0091.parquet: 328,830 → 43,635  (272.3 GB read, 554 MB/s)
  [1969/2040] 2026-09-22_part_0147.parquet: 329,183 → 43,317  (272.6 GB read, 555 MB/s)
  [1970/2040] 2026-09-22_part_0145.parquet: 328,311 → 43,343  (273.0 GB read, 555 MB/s)
  [1971/2040] 2026-09-22_part_0146.parquet: 329,708 → 43,658  (273.3 GB read, 556 MB/s)
  [1972/2040] 2026-09-22_part_0148.parquet: 327,259 → 43,444  (273.6 GB read, 555 MB/s)
  [1973/2040] 2026-09-22_part_0151.parquet: 328,520 → 43,499  (273.9 GB read, 553 MB/s)
  [1974/2040] 2026-09-22_part_0155.parquet: 328,607 → 43,404  (274.3 GB read, 553 MB/s)
  [1975/2040] 2026-09-22_part_0149.parquet: 328,297 → 43,844  (274.6 GB read, 553 MB/s)
  [1976/2040] 2026-09-22_part_0156.parquet: 328,033 → 43,743  (274.9 GB read, 554 MB/s)
  [1977/2040] 2026-09-22_part_0154.parquet: 327,398 → 43,612  (275.2 GB read, 553 MB/s)
  [1978/2040] 2026-09-22_part_0150.parquet: 328,464 → 43,380  (275.5 GB read, 553 MB/s)
  [1979/2040] 2026-09-22_part_0157.parquet: 328,993 → 43,321  (275.9 GB read, 553 MB/s)
  [1980/2040] 2026-09-22_part_0153.parquet: 328,324 → 43,469  (276.2 GB read, 554 MB/s)
  [1981/2040] 2026-09-22_part_0152.parquet: 328,365 → 43,748  (276.5 GB read, 554 MB/s)
  [1982/2040] 2026-09-22_part_0158.parquet: 328,820 → 43,927  (276.8 GB read, 554 MB/s)
  [1983/2040] 2026-09-22_part_0134.parquet: 327,620 → 43,324  (277.2 GB read, 554 MB/s)
  [1984/2040] 2026-09-22_part_0159.parquet: 328,171 → 43,909  (277.5 GB read, 554 MB/s)
  [1985/2040] 2026-09-23_part_0001.parquet: 279,683 → 38,402  (277.8 GB read, 554 MB/s)
  [1986/2040] 2026-09-23_part_0000.parquet: 278,720 → 38,372  (278.2 GB read, 554 MB/s)
  [1987/2040] 2026-09-23_part_0004.parquet: 278,742 → 37,991  (278.6 GB read, 554 MB/s)
  [1988/2040] 2026-09-23_part_0003.parquet: 279,108 → 38,377  (278.9 GB read, 554 MB/s)
  [1989/2040] 2026-09-23_part_0008.parquet: 278,923 → 38,498  (279.3 GB read, 551 MB/s)
  [1990/2040] 2026-09-23_part_0005.parquet: 279,171 → 38,103  (279.6 GB read, 552 MB/s)
  [1991/2040] 2026-09-22_part_0088.parquet: 400,000 → 53,858  (280.0 GB read, 552 MB/s)
  [1992/2040] 2026-09-23_part_0007.parquet: 279,160 → 38,348  (280.4 GB read, 553 MB/s)
  [1993/2040] 2026-09-22_part_0078.parquet: 328,352 → 43,584  (280.7 GB read, 553 MB/s)
  [1994/2040] 2026-09-23_part_0012.parquet: 279,659 → 38,593  (281.0 GB read, 554 MB/s)
  [1995/2040] 2026-09-23_part_0006.parquet: 279,296 → 38,433  (281.4 GB read, 554 MB/s)
  [1996/2040] 2026-09-23_part_0014.parquet: 279,273 → 38,670  (281.7 GB read, 554 MB/s)
  [1997/2040] 2026-09-23_part_0011.parquet: 278,775 → 38,169  (282.1 GB read, 553 MB/s)
  [1998/2040] 2026-09-23_part_0017.parquet: 279,742 → 38,866  (282.5 GB read, 553 MB/s)
  [1999/2040] 2026-09-23_part_0016.parquet: 279,369 → 38,549  (282.8 GB read, 554 MB/s)
  [2000/2040] 2026-09-23_part_0018.parquet: 278,416 → 38,467  (283.2 GB read, 553 MB/s)
  [2001/2040] 2026-09-23_part_0010.parquet: 277,992 → 38,445  (283.5 GB read, 553 MB/s)
  [2002/2040] 2026-09-23_part_0033.parquet: 278,646 → 38,546  (283.9 GB read, 551 MB/s)
  [2003/2040] 2026-09-23_part_0024.parquet: 279,027 → 38,484  (284.2 GB read, 551 MB/s)
  [2004/2040] 2026-09-23_part_0028.parquet: 278,869 → 38,585  (284.6 GB read, 551 MB/s)
  [2005/2040] 2026-09-23_part_0023.parquet: 279,362 → 38,202  (284.9 GB read, 552 MB/s)
  [2006/2040] 2026-09-23_part_0031.parquet: 277,871 → 38,032  (285.3 GB read, 552 MB/s)
  [2007/2040] 2026-09-23_part_0036.parquet: 279,019 → 38,165  (285.6 GB read, 553 MB/s)
  [2008/2040] 2026-09-22_part_0144.parquet: 329,704 → 43,728  (286.0 GB read, 553 MB/s)
  [2009/2040] 2026-09-23_part_0034.parquet: 278,819 → 38,098  (286.3 GB read, 554 MB/s)
  [2010/2040] 2026-09-23_part_0037.parquet: 279,245 → 38,566  (286.7 GB read, 554 MB/s)
  [2011/2040] 2026-09-23_part_0026.parquet: 279,671 → 38,309  (287.0 GB read, 555 MB/s)
  [2012/2040] 2026-09-23_part_0032.parquet: 277,919 → 38,248  (287.4 GB read, 555 MB/s)
  [2013/2040] 2026-09-23_part_0025.parquet: 278,004 → 37,995  (287.7 GB read, 555 MB/s)
  [2014/2040] 2026-09-23_part_0009.parquet: 279,220 → 38,519  (288.1 GB read, 555 MB/s)
  [2015/2040] 2026-09-23_part_0022.parquet: 279,389 → 38,360  (288.4 GB read, 555 MB/s)
  [2016/2040] 2026-09-23_part_0039.parquet: 278,529 → 38,287  (288.8 GB read, 556 MB/s)
  [2017/2040] 2026-09-23_part_0027.parquet: 278,645 → 38,651  (289.1 GB read, 556 MB/s)
  [2018/2040] 2026-09-23_part_0041.parquet: 279,151 → 38,365  (289.5 GB read, 557 MB/s)
  [2019/2040] 2026-09-23_part_0030.parquet: 277,768 → 38,010  (289.8 GB read, 557 MB/s)
  [2020/2040] 2026-09-23_part_0043.parquet: 279,523 → 38,451  (290.2 GB read, 557 MB/s)
  [2021/2040] 2026-09-23_part_0042.parquet: 278,978 → 38,095  (290.5 GB read, 557 MB/s)
  [2022/2040] 2026-09-23_part_0045.parquet: 279,377 → 38,079  (290.9 GB read, 557 MB/s)
  [2023/2040] 2026-09-23_part_0044.parquet: 278,860 → 38,580  (291.2 GB read, 558 MB/s)
  [2024/2040] 2026-09-23_part_0038.parquet: 278,140 → 38,217  (291.6 GB read, 558 MB/s)
  [2025/2040] 2026-09-23_part_0047.parquet: 278,692 → 38,332  (291.9 GB read, 557 MB/s)
  [2026/2040] 2026-09-23_part_0046.parquet: 279,013 → 38,349  (292.3 GB read, 556 MB/s)
  [2027/2040] 2026-09-23_part_0021.parquet: 278,316 → 38,111  (292.6 GB read, 557 MB/s)
  [2028/2040] 2026-09-22_part_0125.parquet: 327,761 → 43,793  (293.0 GB read, 557 MB/s)
  [2029/2040] 2026-09-23_part_0049.parquet: 278,801 → 38,221  (293.3 GB read, 558 MB/s)
  [2030/2040] 2026-09-22_part_0139.parquet: 328,427 → 43,462  (293.6 GB read, 558 MB/s)
  [2031/2040] 2026-09-23_part_0048.parquet: 278,888 → 38,553  (294.0 GB read, 557 MB/s)
  [2032/2040] 2026-09-23_part_0029.parquet: 277,518 → 38,136  (294.4 GB read, 557 MB/s)
  [2033/2040] 2026-09-23_part_0013.parquet: 278,674 → 37,914  (294.7 GB read, 556 MB/s)
  [2034/2040] 2026-09-22_part_0143.parquet: 328,811 → 43,294  (295.0 GB read, 556 MB/s)
  [2035/2040] 2026-09-23_part_0020.parquet: 279,086 → 38,281  (295.4 GB read, 554 MB/s)
  [2036/2040] 2026-09-23_part_0019.parquet: 279,233 → 38,540  (295.7 GB read, 550 MB/s)
  [2037/2040] 2026-09-23_part_0002.parquet: 279,471 → 38,535  (296.1 GB read, 548 MB/s)
  [2038/2040] 2026-09-23_part_0015.parquet: 278,763 → 38,219  (296.4 GB read, 545 MB/s)
  [2039/2040] 2026-09-23_part_0040.parquet: 278,906 → 38,274  (296.8 GB read, 534 MB/s)
  [2040/2040] 2026-09-23_part_0035.parquet: 278,002 → 38,071  (297.1 GB read, 526 MB/s)
ALL DONE convert in 572s
EXIT 0
